County/ Sub-County,Total*,Pre-Primary,Primary,Secondary,Middle Level/ Technical and Vocational Training (TVET),University,Adult Basic Education,Madrasa/ Duksi,Don't Know,Not Stated
KENYA,"17,780,277","3,275,028","10,028,470","3,403,657","506,109","470,983","18,750","40,883","36,391",6
Rural,"12,922,659","2,353,558","7,616,724","2,442,836","254,299","192,767","14,970","23,832","23,670",3
Urban,"4,857,618","921,470","2,411,746","960,821","251,810","278,216","3,780","17,051","12,721",3
Male,"9,040,318","1,670,583","5,091,778","1,713,909","243,740","268,755","9,561","21,790","20,198",4
Female,"8,739,524","1,604,360","4,936,452","1,689,689","262,351","202,204","9,187","19,093","16,186",2
Intersex,435,85,240,59,18,24,2,-,7,-
MOMBASA,"378,423","84,970","196,845","65,116","16,412","11,474",506,"2,147",953,-
Male,"189,490","42,759","97,844","32,911","7,808","6,370",250,"1,048",500,-
Female,"188,930","42,211","98,999","32,205","8,604","5,103",256,"1,099",453,-
CHANGAMWE,"39,032","8,735","20,347","6,754","1,848","1,181",36,41,90,-
Male,"19,482","4,380","10,172","3,270",879,691,19,22,49,-
Female,"19,550","4,355","10,175","3,484",969,490,17,19,41,-
JOMVU,"51,892","12,428","28,677","8,180","1,541",909,53,21,83,-
Male,"26,020","6,263","14,249","4,173",750,503,32,7,43,-
Female,"25,872","6,165","14,428","4,007",791,406,21,14,40,-
KISAUNI,"95,844","22,174","51,183","15,499","3,884","2,611",109,122,262,-
Male,"48,136","11,256","25,552","7,820","1,827","1,443",53,57,128,-
Female,"47,707","10,918","25,631","7,679","2,057","1,167",56,65,134,-
LIKONI,"79,083","19,570","41,167","13,724","2,941","1,207",150,131,193,-
Male,"39,336","9,788","20,087","7,043","1,445",729,71,74,99,-
Female,"39,746","9,782","21,079","6,681","1,496",478,79,57,94,-
MVITA,"46,714","7,850","22,009","9,265","2,935","2,764",84,"1,666",141,-
Male,"23,515","3,922","11,064","4,775","1,381","1,450",41,806,76,-
Female,"23,198","3,928","10,944","4,490","1,554","1,314",43,860,65,-
NYALI,"65,858","14,213","33,462","11,694","3,263","2,802",74,166,184,-
Male,"33,001","7,150","16,720","5,830","1,526","1,554",34,82,105,-
Female,"32,857","7,063","16,742","5,864","1,737","1,248",40,84,79,-
KWALE,"334,612","82,822","207,769","36,756","4,107","1,936",355,355,512,-
Male,"171,696","42,535","106,020","19,415","1,883","1,195",185,185,278,-
Female,"162,911","40,285","101,747","17,340","2,224",741,170,170,234,-
KINANGO,"38,765","10,237","24,613","3,320",371,136,45,4,39,-
Male,"20,011","5,269","12,650","1,772",183,100,22,-,15,-
Female,"18,753","4,968","11,962","1,548",188,36,23,4,24,-
LUNGA LUNGA,"76,787","19,262","49,283","7,109",536,212,129,91,165,-
Male,"39,663","9,874","25,237","3,916",279,141,75,50,91,-
Female,"37,124","9,388","24,046","3,193",257,71,54,41,74,-
MATUGA,"76,734","18,054","47,029","9,802","1,063",534,81,70,101,-
Male,"39,476","9,371","24,173","5,005",463,323,38,42,61,-
Female,"37,257","8,683","22,856","4,796",600,211,43,28,40,-
MSAMBWENI,"61,075","14,168","35,461","8,896","1,418",786,41,170,135,-
Male,"30,868","7,154","17,885","4,579",619,450,22,85,74,-
Female,"30,206","7,014","17,575","4,317",799,336,19,85,61,-
SAMBURU,"81,251","21,101","51,383","7,629",719,268,59,20,72,-
Male,"41,678","10,867","26,075","4,143",339,181,28,8,37,-
Female,"39,571","10,232","25,308","3,486",380,87,31,12,35,-
KILIFI,"605,776","132,702","373,857","83,181","8,537","5,166",843,455,"1,035",-
Male,"308,926","67,709","189,306","43,798","3,913","3,003",426,241,530,-
Female,"296,841","64,991","184,545","39,382","4,624","2,163",417,214,505,-
CHONYI,"28,875","6,082","18,035","4,326",251,107,44,-,30,-
Male,"14,936","3,144","9,219","2,328",128,72,27,-,18,-
Female,"13,938","2,938","8,815","1,998",123,35,17,-,12,-
GANZE,"67,193","14,694","43,773","7,789",489,210,155,1,82,-
Male,"34,222","7,461","22,188","4,059",250,149,80,1,34,-
Female,"32,969","7,233","21,583","3,730",239,61,75,-,48,-
KALOLENI,"80,964","17,657","51,727","9,803","1,026",426,126,28,171,-
Male,"41,402","9,080","26,262","5,160",486,254,58,14,88,-
Female,"39,559","8,575","25,464","4,643",540,172,68,14,83,-
KAUMA,"10,969","2,196","7,104","1,543",72,26,18,1,9,-
Male,"5,659","1,114","3,553",916,39,21,11,1,4,-
Female,"5,310","1,082","3,551",627,33,5,7,-,5,-
KILIFI NORTH,"72,834","17,073","41,645","10,609","1,693","1,607",34,49,124,-
Male,"36,930","8,728","20,935","5,542",723,891,19,27,65,-
Female,"35,902","8,345","20,709","5,066",970,716,15,22,59,-
KILIFI SOUTH,"76,984","17,932","44,868","11,404","1,519",979,87,19,176,-
Male,"39,007","9,231","22,518","5,918",672,526,37,12,93,-
Female,"37,977","8,701","22,350","5,486",847,453,50,7,83,-
MAGARINI,"86,722","17,604","56,983","10,939",620,239,182,68,87,-
Male,"44,425","8,886","28,769","6,070",322,176,102,50,50,-
Female,"42,297","8,718","28,214","4,869",298,63,80,18,37,-
MALINDI,"132,098","29,960","78,388","19,619","2,183","1,254",155,283,256,-
Male,"67,256","15,157","39,925","10,134",994,723,74,132,117,-
Female,"64,841","14,803","38,462","9,485","1,189",531,81,151,139,-
RABAI,"49,137","9,504","31,334","7,149",684,318,42,6,100,-
Male,"25,089","4,908","15,937","3,671",299,191,18,4,61,-
Female,"24,048","4,596","15,397","3,478",385,127,24,2,39,-
TANA RIVER,"95,997","25,480","55,036","12,346","1,308",517,172,979,159,-
Male,"50,470","13,387","27,965","7,249",797,354,96,529,93,-
Female,"45,527","12,093","27,071","5,097",511,163,76,450,66,-
TANA DELTA,"38,308","10,395","22,155","4,821",365,161,31,339,41,-
Male,"19,808","5,417","11,093","2,757",212,116,17,178,18,-
Female,"18,500","4,978","11,062","2,064",153,45,14,161,23,-
TANA NORTH,"28,681","6,737","16,434","4,200",589,154,92,424,51,-
Male,"15,776","3,614","8,711","2,630",390,112,50,231,38,-
Female,"12,905","3,123","7,723","1,570",199,42,42,193,13,-
TANA RIVER,"29,008","8,348","16,447","3,325",354,202,49,216,67,-
Male,"14,886","4,356","8,161","1,862",195,126,29,120,37,-
Female,"14,122","3,992","8,286","1,463",159,76,20,96,30,-
LAMU,"50,249","10,470","30,511","7,600",619,463,45,461,80,-
Male,"25,969","5,389","15,566","4,101",310,277,24,264,38,-
Female,"24,278","5,081","14,943","3,499",309,186,21,197,42,-
LAMU EAST,"7,592","1,539","4,941",980,55,24,5,40,8,-
Male,"3,866",778,"2,486",518,29,18,4,27,6,-
Female,"3,726",761,"2,455",462,26,6,1,13,2,-
LAMU WEST,"42,657","8,931","25,570","6,620",564,439,40,421,72,-
Male,"22,103","4,611","13,080","3,583",281,259,20,237,32,-
Female,"20,552","4,320","12,488","3,037",283,180,20,184,40,-
TAITA/TAVETA,"116,381","20,535","67,662","22,938","3,236","1,710",78,11,211,-
Male,"59,272","10,439","34,682","11,327","1,677",989,35,8,115,-
Female,"57,108","10,095","32,980","11,611","1,559",721,43,3,96,-
MWATATE,"28,635","4,949","16,398","6,121",716,393,18,1,39,-
Male,"14,632","2,507","8,425","3,051",385,230,9,1,24,-
Female,"14,002","2,441","7,973","3,070",331,163,9,-,15,-
TAITA,"19,302","3,293","10,719","4,504",475,246,16,1,48,-
Male,"9,800","1,642","5,560","2,174",252,143,6,-,23,-
Female,"9,502","1,651","5,159","2,330",223,103,10,1,25,-
TAVETA,"31,879","5,677","19,728","5,352",716,350,20,5,31,-
Male,"16,342","2,890","10,234","2,653",343,192,9,4,17,-
Female,"15,537","2,787","9,494","2,699",373,158,11,1,14,-
VOI,"36,565","6,616","20,817","6,961","1,329",721,24,4,93,-
Male,"18,498","3,400","10,463","3,449",697,424,11,3,51,-
Female,"18,067","3,216","10,354","3,512",632,297,13,1,42,-
GARISSA,"132,990","13,112","71,214","27,998","3,469","1,840",685,"13,742",929,1
Male,"77,489","6,758","40,569","18,172","2,202","1,338",409,"7,492",549,-
Female,"55,497","6,354","30,643","9,825","1,267",501,276,"6,250",380,1
BALAMBALA,"2,740",313,"1,558",766,54,19,27,2,1,-
Male,"1,692",171,939,512,37,11,20,1,1,-
Female,"1,048",142,619,254,17,8,7,1,-,-
DADAAB,"20,883","1,370","12,075","4,523",408,109,145,"2,127",126,-
Male,"12,354",709,"6,930","2,996",297,88,84,"1,173",77,-
Female,"8,529",661,"5,145","1,527",111,21,61,954,49,-
FAFI,"15,237","1,214","8,702","3,592",201,70,95,"1,288",75,-
Male,"8,847",643,"4,838","2,362",136,57,58,703,50,-
Female,"6,389",571,"3,863","1,230",65,13,37,585,25,-
GARISSA,"40,562","3,812","20,766","9,018","1,635","1,141",92,"3,849",248,1
Male,"22,526","1,945","11,328","5,401",908,780,52,"1,974",138,-
Female,"18,033","1,867","9,437","3,616",727,360,40,"1,875",110,1
HULUGHO,"19,993","2,334","10,449","3,289",262,117,106,"3,334",102,-
Male,"12,290","1,244","6,511","2,269",187,97,62,"1,855",65,-
Female,"7,703","1,090","3,938","1,020",75,20,44,"1,479",37,-
IJARA,"28,963","3,418","14,857","6,036",809,337,183,"2,973",350,-
Male,"17,366","1,749","8,620","4,146",566,267,112,"1,704",202,-
Female,"11,597","1,669","6,237","1,890",243,70,71,"1,269",148,-
LAGDERA,"4,612",651,"2,807",774,100,47,37,169,27,-
Male,"2,414",297,"1,403",486,71,38,21,82,16,-
Female,"2,198",354,"1,404",288,29,9,16,87,11,-
WAJIR,"132,610","15,024","78,024","26,173","3,262","1,278",496,"7,960",393,-
Male,"75,637","7,713","43,283","16,413","2,151",973,292,"4,565",247,-
Female,"56,969","7,310","34,740","9,759","1,111",304,204,"3,395",146,-
BUNA,"6,080",746,"3,310","1,270",163,56,32,483,20,-
Male,"3,410",399,"1,813",772,109,46,18,244,9,-
Female,"2,670",347,"1,497",498,54,10,14,239,11,-
ELDAS,"14,237","1,812","8,662","2,530",279,86,66,756,46,-
Male,"7,706",873,"4,508","1,620",180,62,40,398,25,-
Female,"6,531",939,"4,154",910,99,24,26,358,21,-
HABASWEIN,"35,144","3,152","18,648","7,065",929,266,168,"4,779",137,-
Male,"20,991","1,676","10,928","4,512",622,206,95,"2,865",87,-
Female,"14,153","1,476","7,720","2,553",307,60,73,"1,914",50,-
TARBAJ,"6,525",715,"4,163","1,351",131,36,19,104,6,-
Male,"3,311",325,"2,040",756,96,26,10,55,3,-
Female,"3,213",390,"2,122",595,35,10,9,49,3,-
WAJIR EAST,"25,940","2,628","15,285","5,936",901,479,55,579,77,-
Male,"14,536","1,357","8,284","3,576",564,370,34,302,49,-
Female,"11,403","1,271","7,001","2,360",337,108,21,277,28,-
WAJIR NORTH,"9,690","1,559","6,111","1,482",197,133,28,169,11,-
Male,"5,301",765,"3,252",928,139,109,20,81,7,-
Female,"4,389",794,"2,859",554,58,24,8,88,4,-
WAJIR SOUTH,"15,891","2,328","10,287","2,698",309,71,74,85,39,-
Male,"9,675","1,283","6,183","1,821",207,56,46,53,26,-
Female,"6,215","1,044","4,104",877,102,15,28,32,13,-
WAJIR WEST,"19,103","2,084","11,558","3,841",353,151,54,"1,005",57,-
Male,"10,707","1,035","6,275","2,428",234,98,29,567,41,-
Female,"8,395","1,049","5,283","1,412",119,53,25,438,16,-
MANDERA,"168,647","19,891","103,594","30,687","3,154","1,185",575,"8,826",734,1
Male,"90,664","9,454","54,328","18,779","2,111",907,307,"4,423",354,1
Female,"77,980","10,437","49,264","11,907","1,043",278,268,"4,403",380,-
,-,,,,0,,,,,-
MANDERA WEST,"22,717","4,088","14,151","3,366",311,103,61,603,34,-
Male,"11,917","1,901","7,309","2,053",220,79,31,308,16,-
Female,"10,800","2,187","6,842","1,313",91,24,30,295,18,-
BANISA,"20,564","3,279","12,661","3,060",317,74,147,852,174,-
Male,"11,647","1,659","7,048","2,030",213,60,70,485,82,-
Female,"8,916","1,620","5,612","1,030",104,14,77,367,92,-
KOTULO,"16,578","1,848","10,175","3,047",370,133,36,916,53,-
Male,"8,797",832,"5,198","1,924",273,99,21,421,29,-
Female,"7,780","1,016","4,976","1,123",97,34,15,495,24,-
LAFEY,"12,181","1,156","6,628","2,694",221,115,102,"1,201",64,-
Male,"6,112",525,"3,171","1,497",142,80,63,607,27,-
Female,"6,069",631,"3,457","1,197",79,35,39,594,37,-
MANDERA CENTRAL,"34,878","3,593","20,996","6,353",694,157,82,"2,796",206,1
Male,"16,936","1,494","9,888","3,577",434,124,42,"1,284",92,1
Female,"17,941","2,099","11,108","2,775",260,33,40,"1,512",114,-
MANDERA EAST,"36,560","3,065","22,161","7,846",904,504,77,"1,873",130,-
Male,"20,910","1,592","12,244","4,990",588,381,49,996,70,-
Female,"15,650","1,473","9,917","2,856",316,123,28,877,60,-
MANDERA NORTH,"25,169","2,862","16,822","4,321",337,99,70,585,73,-
Male,"14,345","1,451","9,470","2,708",241,84,31,322,38,-
Female,"10,824","1,411","7,352","1,613",96,15,39,263,35,-
MARSABIT,"108,132","20,071","66,742","16,410","2,229","1,690",171,631,188,-
Male,"55,636","10,004","33,476","9,281","1,239","1,115",95,314,112,-
Female,"52,492","10,067","33,263","7,128",990,575,76,317,76,-
,-,,,,0,,,,,-
LOIYANGALANI,"6,673","1,351","4,170",924,125,75,14,-,14,-
Male,"3,177",612,"1,869",533,87,62,6,-,8,-
Female,"3,495",739,"2,300",391,38,13,8,-,6,-
MARSABIT CENTRAL,"27,959","4,809","16,940","4,728",700,662,28,15,77,-
Male,"14,078","2,422","8,355","2,484",342,413,15,5,42,-
Female,"13,879","2,387","8,584","2,243",358,249,13,10,35,-
MARSABIT NORTH,"10,319","1,795","6,431","1,607",256,176,22,18,14,-
Male,"5,133",883,"3,040",907,132,135,12,14,10,-
Female,"5,186",912,"3,391",700,124,41,10,4,4,-
MARSABIT SOUTH,"11,620","2,390","7,043","1,707",281,153,32,-,14,-
Male,"5,659","1,085","3,249","1,006",190,113,8,-,8,-
Female,"5,961","1,305","3,794",701,91,40,24,-,6,-
MOYALE,"32,258","5,902","20,081","4,708",463,440,29,593,42,-
Male,"17,428","3,072","10,738","2,770",244,266,18,292,28,-
Female,"14,830","2,830","9,343","1,938",219,174,11,301,14,-
NORTH HORR,"6,587","1,253","3,841","1,102",259,99,17,1,15,-
Male,"3,481",633,"1,991",622,151,62,14,-,8,-
Female,"3,105",620,"1,849",480,108,37,3,1,7,-
SOLOLO,"12,716","2,571","8,236","1,634",145,85,29,4,12,-
Male,"6,680","1,297","4,234",959,93,64,22,3,8,-
Female,"6,036","1,274","4,002",675,52,21,7,1,4,-
ISIOLO,"79,881","16,843","46,541","12,570","1,625","1,152",86,957,107,-
Male,"40,960","8,576","23,387","6,792",801,721,45,577,61,-
Female,"38,920","8,266","23,154","5,778",824,431,41,380,46,-
GARBATULLA,"25,147","4,699","15,813","3,456",278,134,41,695,31,-
Male,"13,233","2,392","8,109","2,054",153,101,24,383,17,-
Female,"11,914","2,307","7,704","1,402",125,33,17,312,14,-
ISIOLO,"41,522","9,066","22,886","7,259","1,143",924,41,144,59,-
Male,"21,157","4,639","11,582","3,708",534,549,19,95,31,-
Female,"20,365","4,427","11,304","3,551",609,375,22,49,28,-
MERTI,"13,212","3,078","7,842","1,855",204,94,4,118,17,-
Male,"6,570","1,545","3,696","1,030",114,71,2,99,13,-
Female,"6,641","1,532","4,146",825,90,23,2,19,4,-
MERU,"554,475","96,507","324,028","108,293","12,925","10,663",672,9,"1,378",-
Male,"277,202","49,445","163,464","51,059","5,969","6,203",344,4,714,-
Female,"277,259","47,061","160,555","57,232","6,956","4,459",327,5,664,-
BUURI EAST,"25,158","3,766","14,067","5,867",826,548,26,1,57,-
Male,"12,796","1,954","7,238","2,883",383,296,6,-,36,-
Female,"12,362","1,812","6,829","2,984",443,252,20,1,21,-
BUURI WEST,"26,396","4,333","14,835","6,027",639,471,41,2,48,-
Male,"13,326","2,188","7,618","2,896",317,263,14,2,28,-
Female,"13,070","2,145","7,217","3,131",322,208,27,-,20,-
IGEMBE CENTRAL,"84,771","16,877","51,372","14,098","1,136",960,123,-,205,-
Male,"42,142","8,610","25,847","6,463",499,559,66,-,98,-
Female,"42,628","8,267","25,525","7,635",637,400,57,-,107,-
IGEMBE NORTH,"66,151","11,634","41,869","10,712",934,665,114,1,222,-
Male,"32,652","5,993","20,823","4,875",374,417,62,-,108,-
Female,"33,496","5,641","21,044","5,836",560,248,52,1,114,-
IGEMBE SOUTH,"56,443","12,019","33,464","8,998",933,743,124,-,162,-
Male,"27,641","6,191","16,486","3,986",401,433,70,-,74,-
Female,"28,799","5,828","16,975","5,012",532,310,54,-,88,-
IMENTI NORTH,"55,511","9,767","28,168","12,046","2,942","2,417",35,1,135,-
Male,"27,661","4,957","14,211","5,747","1,352","1,309",18,1,66,-
Female,"27,849","4,809","13,957","6,299","1,590","1,108",17,-,69,-
IMENTI SOUTH,"67,801","11,231","36,451","16,220","2,066","1,659",37,1,136,-
Male,"34,365","5,810","18,610","7,981","1,001",873,18,-,72,-
Female,"33,434","5,421","17,840","8,239","1,065",786,18,1,64,-
MERU CENTRAL,"44,995","7,648","24,982","9,982","1,292",936,60,1,94,-
Male,"22,798","3,896","12,846","4,813",638,525,30,-,50,-
Female,"22,197","3,752","12,136","5,169",654,411,30,1,44,-
TIGANIA CENTRAL,"41,347","6,493","26,617","6,973",584,526,53,-,101,-
Male,"20,788","3,292","13,514","3,292",265,346,32,-,47,-
Female,"20,559","3,201","13,103","3,681",319,180,21,-,54,-
TIGANIA EAST,"29,551","4,624","18,546","5,372",503,412,19,-,75,-
Male,"14,531","2,358","9,168","2,468",224,256,11,-,46,-
Female,"15,018","2,266","9,376","2,904",279,156,8,-,29,-
TIGANIA WEST,"56,289","8,102","33,627","11,988","1,066","1,321",40,2,143,-
Male,"28,468","4,189","17,086","5,648",513,925,17,1,89,-
Female,"27,819","3,913","16,540","6,339",553,396,23,1,54,-
MERU NATIONAL PARK,44,11,22,4,4,3,-,-,-,-
Male,21,6,11,2,2,-,-,-,-,-
Female,23,5,11,2,2,3,-,-,-,-
MT. KENYA FOREST,18,2,8,6,0,2,-,-,-,-
Male,13,1,6,5,0,1,-,-,-,-
Female,5,1,2,1,0,1,-,-,-,-
THARAKA-NITHI,"144,933","22,592","82,127","32,111","3,802","3,680",211,2,408,-
Male,"73,509","11,591","41,710","15,966","1,798","2,111",112,1,220,-
Female,"71,422","11,001","40,416","16,144","2,004","1,569",99,1,188,-
IGAMBANG'OMBE,"20,369","3,472","12,229","3,962",354,274,19,-,59,-
Male,"10,393","1,814","6,226","1,973",180,156,10,-,34,-
Female,"9,976","1,658","6,003","1,989",174,118,9,-,25,-
MAARA,"37,866","5,514","21,043","9,224","1,049",913,28,-,95,-
Male,"19,356","2,884","10,779","4,596",530,493,17,-,57,-
Female,"18,510","2,630","10,264","4,628",519,420,11,-,38,-
MERU SOUTH,"30,872","4,534","15,649","7,708","1,191","1,670",22,-,98,-
Male,"15,688","2,259","8,095","3,782",552,938,12,-,50,-
Female,"15,183","2,275","7,554","3,925",639,732,10,-,48,-
THARAKA NORTH,"23,967","3,694","14,772","4,667",377,281,105,-,71,-
Male,"12,019","1,828","7,396","2,364",172,167,56,-,36,-
Female,"11,947","1,866","7,375","2,303",205,114,49,-,35,-
THARAKA SOUTH,"31,795","5,371","18,425","6,546",788,541,37,2,85,-
Male,"16,040","2,802","9,210","3,247",363,357,17,1,43,-
Female,"15,755","2,569","9,215","3,299",425,184,20,1,42,-
MT. KENYA FOREST,64,7,9,4,43,1,-,-,-,-
Male,13,4,4,4,1,-,-,-,-,-
Female,51,3,5,-,42,1,-,-,-,-
EMBU,"205,389","30,130","115,139","47,397","6,675","5,492",201,12,343,-
Male,"104,132","15,308","59,371","23,031","3,071","3,052",98,6,195,-
Female,"101,251","14,819","55,766","24,365","3,604","2,440",103,6,148,-
EMBU EAST,"41,231","5,578","22,985","10,247","1,377",929,45,2,68,-
Male,"20,990","2,918","11,845","5,004",656,510,19,1,37,-
Female,"20,240","2,659","11,140","5,243",721,419,26,1,31,-
EMBU NORTH,"25,255","3,589","13,302","6,824",839,639,25,1,36,-
Male,"13,147","1,850","7,013","3,444",433,370,15,-,22,-
Female,"12,108","1,739","6,289","3,380",406,269,10,1,14,-
EMBU WEST,"38,642","6,076","19,158","8,730","2,342","2,197",35,2,102,-
Male,"19,180","3,034","9,703","4,157",988,"1,220",16,1,61,-
Female,"19,461","3,042","9,454","4,573","1,354",977,19,1,41,-
MBEERE SOUTH,"58,147","8,733","34,456","12,477","1,298","1,018",73,5,87,-
Male,"29,539","4,388","17,863","6,012",632,557,34,3,50,-
Female,"28,606","4,344","16,592","6,465",666,461,39,2,37,-
MBEERE NORTH,"42,114","6,154","25,238","9,119",819,709,23,2,50,-
Male,"21,276","3,118","12,947","4,414",362,395,14,1,25,-
Female,"20,836","3,035","12,291","4,704",457,314,9,1,25,-
MT. KENYA FOREST,-,-,-,-,0,-,-,-,-,-
Male,-,-,-,-,0,-,-,-,-,-
Female,-,-,-,-,0,-,-,-,-,-
KITUI,"490,726","74,212","306,299","91,565","9,299","7,071",527,26,"1,726",1
Male,"250,178","38,155","157,004","45,045","4,666","4,046",285,13,964,-
Female,"240,536","36,056","149,286","46,519","4,633","3,024",242,13,762,1
IKUTHA,"39,676","5,953","25,454","7,028",648,378,57,-,158,-
Male,"20,339","3,126","13,096","3,435",336,226,29,-,91,-
Female,"19,337","2,827","12,358","3,593",312,152,28,-,67,-
KATULANI,"18,641","2,527","10,821","4,542",373,327,11,-,40,-
Male,"9,635","1,328","5,576","2,281",221,198,3,-,28,-
Female,"9,006","1,199","5,245","2,261",152,129,8,-,12,-
KISASI,"19,501","3,018","11,927","3,991",260,234,14,-,57,-
Male,"10,112","1,543","6,234","2,007",151,139,7,-,31,-
Female,"9,389","1,475","5,693","1,984",109,95,7,-,26,-
KITUI CENTRAL,"39,644","6,531","21,999","8,259","1,531","1,172",25,2,125,-
Male,"20,082","3,361","11,211","4,083",701,639,16,1,70,-
Female,"19,562","3,170","10,788","4,176",830,533,9,1,55,-
KITUI WEST,"29,215","4,525","17,224","6,166",627,595,7,1,70,-
Male,"14,933","2,285","8,940","3,052",307,308,3,-,38,-
Female,"14,281","2,240","8,283","3,114",320,287,4,1,32,-
KYUSO,"34,600","5,172","22,948","5,433",493,332,44,1,177,-
Male,"17,508","2,648","11,643","2,659",236,198,21,1,102,-
Female,"17,091","2,524","11,305","2,773",257,134,23,-,75,-
LOWER YATTA,"26,585","3,422","16,418","5,693",448,493,23,-,88,-
Male,"13,784","1,773","8,598","2,846",233,271,12,-,51,-
Female,"12,801","1,649","7,820","2,847",215,222,11,-,37,-
MATINYANI,"19,193","3,256","11,044","4,038",437,356,17,-,45,-
Male,"9,909","1,681","5,728","2,009",242,213,11,-,25,-
Female,"9,284","1,575","5,316","2,029",195,143,6,-,20,-
MIGWANI,"33,664","5,064","19,958","6,969",829,660,23,1,160,-
Male,"17,222","2,541","10,337","3,422",418,388,10,-,106,-
Female,"16,440","2,523","9,620","3,547",411,271,13,1,54,-
MUMONI,"13,808","2,132","8,763","2,509",179,150,44,-,31,-
Male,"6,857","1,046","4,373","1,223",86,83,26,-,20,-
Female,"6,951","1,086","4,390","1,286",93,67,18,-,11,-
MUTITU,"25,958","3,782","17,573","4,001",276,220,27,-,79,-
Male,"13,084","2,004","8,870","1,882",153,116,17,-,42,-
Female,"12,872","1,778","8,701","2,119",123,104,10,-,37,-
MUTITU NORTH,"9,275","1,269","6,063","1,660",145,103,10,-,25,-
Male,"4,763",676,"3,118",806,85,53,5,-,20,-
Female,"4,511",593,"2,944",854,60,50,5,-,5,-
MUTOMO,"51,247","7,952","33,313","8,329",880,510,63,18,182,-
Male,"25,989","4,103","16,965","4,019",455,316,28,10,93,-
Female,"25,256","3,849","16,346","4,310",425,194,35,8,89,-
MWINGI CENTRAL,"46,035","6,982","28,700","8,511",873,754,62,2,150,1
Male,"23,501","3,548","14,812","4,181",420,425,38,1,76,-
Female,"22,534","3,434","13,888","4,330",453,329,24,1,74,1
MWINGI EAST,"39,172","5,758","25,767","6,523",566,330,28,-,200,-
Male,"19,856","2,996","13,130","3,166",261,194,16,-,93,-
Female,"19,314","2,761","12,636","3,357",305,136,12,-,107,-
NZAMBANI,"19,051","3,052","11,616","3,724",353,235,18,1,52,-
Male,"9,831","1,566","5,986","1,921",189,130,13,-,26,-
Female,"9,220","1,486","5,630","1,803",164,105,5,1,26,-
THAGICU,"6,905","1,107","4,240","1,338",121,69,8,-,22,-
Male,"3,457",552,"2,167",626,46,44,3,-,19,-
Female,"3,447",555,"2,072",712,75,25,5,-,3,-
TSEIKURU,"18,556","2,710","12,471","2,851",260,153,46,-,65,-
Male,"9,316","1,378","6,220","1,427",126,105,27,-,33,-
Female,"9,240","1,332","6,251","1,424",134,48,19,-,32,-
MACHAKOS,"505,677","79,502","287,319","107,067","14,991","15,044",462,7,"1,285",-
Male,"258,981","40,849","148,270","52,995","7,623","8,266",235,5,738,-
Female,"246,686","38,650","139,044","54,070","7,368","6,778",227,2,547,-
ATHI RIVER,"98,497","19,610","47,846","18,688","4,891","6,889",125,1,447,-
Male,"49,337","9,980","23,955","9,161","2,319","3,623",58,-,241,-
Female,"49,159","9,629","23,891","9,527","2,572","3,266",67,1,206,-
KALAMA,"19,779","2,824","11,768","4,494",344,286,20,-,43,-
Male,"10,196","1,470","6,134","2,204",170,177,12,-,29,-
Female,"9,582","1,354","5,634","2,289",174,109,8,-,14,-
KANGUNDO,"35,182","5,183","20,694","7,916",696,629,14,-,50,-
Male,"18,188","2,631","10,850","3,972",367,342,4,-,22,-
Female,"16,994","2,552","9,844","3,944",329,287,10,-,28,-
KATHIANI,"42,712","6,234","25,961","9,045",818,578,22,-,54,-
Male,"22,119","3,208","13,527","4,522",461,358,10,-,33,-
Female,"20,591","3,025","12,433","4,523",357,220,12,-,21,-
MACHAKOS,"54,322","9,153","28,687","11,513","2,407","2,411",33,-,118,-
Male,"27,561","4,662","14,722","5,670","1,084","1,338",13,-,72,-
Female,"26,758","4,490","13,964","5,842","1,323","1,073",20,-,46,-
MASINGA,"59,688","8,399","37,736","11,432","1,024",882,59,2,154,-
Male,"30,933","4,426","19,693","5,628",518,530,33,2,103,-
Female,"28,754","3,973","18,042","5,804",506,352,26,-,51,-
MATUNGULU,"58,093","9,443","33,511","12,411","1,425","1,175",41,1,86,-
Male,"29,817","4,797","17,329","6,230",753,633,23,1,51,-
Female,"28,274","4,646","16,180","6,181",672,542,18,-,35,-
MWALA,"69,402","9,320","41,422","16,027","1,305","1,129",71,2,126,-
Male,"36,048","4,859","21,677","8,079",674,657,35,1,66,-
Female,"33,354","4,461","19,745","7,948",631,472,36,1,60,-
YATTA,"68,002","9,336","39,694","15,541","2,081","1,065",77,1,207,-
Male,"34,782","4,816","20,383","7,529","1,277",608,47,1,121,-
Female,"33,220","4,520","19,311","8,012",804,457,30,-,86,-
MAKUENI,"395,627","52,909","235,037","90,576","8,419","7,541",269,23,853,-
Male,"202,949","27,300","121,515","44,836","4,185","4,502",125,20,466,-
Female,"192,669","25,608","113,518","45,738","4,233","3,038",144,3,387,-
KATHONZWENI,"33,164","4,046","19,379","8,323",691,608,19,-,98,-
Male,"17,094","2,059","10,184","4,108",333,352,7,-,51,-
Female,"16,069","1,987","9,195","4,215",357,256,12,-,47,-
KIBWEZI,"82,524","10,751","50,296","18,909","1,178","1,176",44,16,154,-
Male,"42,482","5,478","26,135","9,424",606,727,21,16,75,-
Female,"40,039","5,273","24,160","9,484",572,448,23,-,79,-
KILUNGU,"25,498","3,516","15,571","5,412",464,443,27,1,64,-
Male,"12,802","1,816","7,818","2,623",225,272,15,-,33,-
Female,"12,696","1,700","7,753","2,789",239,171,12,1,31,-
MAKINDU,"33,771","4,757","20,596","7,001",693,617,34,1,72,-
Male,"17,300","2,535","10,615","3,424",298,372,17,1,38,-
Female,"16,471","2,222","9,981","3,577",395,245,17,-,34,-
MAKUENI,"48,433","6,859","27,048","11,178","1,785","1,431",37,-,95,-
Male,"24,818","3,620","13,996","5,435",859,834,16,-,58,-
Female,"23,613","3,239","13,050","5,743",926,597,21,-,37,-
MBOONI EAST,"39,608","5,307","23,053","9,494",853,776,43,1,81,-
Male,"20,632","2,761","12,079","4,819",460,457,14,1,41,-
Female,"18,975","2,545","10,974","4,675",393,319,29,-,40,-
MBOONI WEST,"42,564","5,479","25,720","9,734",834,659,26,-,112,-
Male,"21,819","2,783","13,318","4,820",442,376,13,-,67,-
Female,"20,745","2,696","12,402","4,914",392,283,13,-,45,-
MUKAA,"39,315","5,642","22,929","8,960",873,824,17,4,66,-
Male,"20,066","2,911","11,722","4,436",435,509,10,2,41,-
Female,"19,249","2,731","11,207","4,524",438,315,7,2,25,-
NZAUI,"50,750","6,552","30,445","11,565","1,048","1,007",22,-,111,-
Male,"25,936","3,337","15,648","5,747",527,603,12,-,62,-
Female,"24,812","3,215","14,796","5,817",521,404,10,-,49,-
NYANDARUA,"249,756","40,050","136,401","61,944","6,030","4,970",107,2,252,-
Male,"128,283","20,651","70,491","31,052","3,039","2,863",37,-,150,-
Female,"121,466","19,398","65,906","30,890","2,991","2,107",70,2,102,-
KINANGOP,"43,363","6,444","23,929","11,155",993,799,18,-,25,-
Male,"22,094","3,273","12,334","5,465",526,468,10,-,18,-
Female,"21,268","3,170","11,595","5,690",467,331,8,-,7,-
NYANDARUA SOUTH,"37,199","5,746","20,197","9,463",983,770,11,1,28,-
Male,"19,039","2,942","10,438","4,726",470,439,3,-,21,-
Female,"18,158","2,804","9,758","4,736",513,331,8,1,7,-
MIRANGINE,"26,957","4,570","14,955","6,448",565,357,11,-,51,-
Male,"13,817","2,369","7,644","3,284",270,219,3,-,28,-
Female,"13,139","2,201","7,310","3,164",295,138,8,-,23,-
KIPIPIRI,"38,278","5,374","21,795","9,781",685,593,30,-,20,-
Male,"19,577","2,772","11,277","4,803",359,347,8,-,11,-
Female,"18,701","2,602","10,518","4,978",326,246,22,-,9,-
NYANDARUA CENTRAL,"28,484","4,736","15,485","6,809",749,655,7,-,43,-
Male,"14,750","2,523","8,007","3,470",353,370,3,-,24,-
Female,"13,733","2,213","7,477","3,339",396,285,4,-,19,-
NYANDARUA WEST,"37,017","6,814","19,488","8,603","1,087",963,13,-,49,-
Male,"19,269","3,514","10,228","4,385",566,547,3,-,26,-
Female,"17,746","3,300","9,259","4,217",521,416,10,-,23,-
NYANDARUA NORTH,"38,458","6,366","20,552","9,685",968,833,17,1,36,-
Male,"19,737","3,258","10,563","4,919",495,473,7,-,22,-
Female,"18,721","3,108","9,989","4,766",473,360,10,1,14,-
ABERDARE NATIONAL PARK,-,-,-,-,0,-,-,-,-,-
Male,-,-,-,-,0,-,-,-,-,-
Female,-,-,-,-,0,-,-,-,-,-
NYERI,"253,898","40,226","127,981","63,361","10,755","10,929",116,4,526,-
Male,"130,417","20,618","65,726","32,228","5,288","6,214",42,2,299,-
Female,"123,475","19,607","62,251","31,132","5,467","4,715",74,2,227,-
TETU,"26,827","4,258","13,585","7,004","1,114",804,18,1,43,-
Male,"13,866","2,178","7,070","3,602",542,441,6,-,27,-
Female,"12,961","2,080","6,515","3,402",572,363,12,1,16,-
KIENI EAST,"37,003","6,127","19,531","9,126","1,217",933,11,-,58,-
Male,"18,863","3,105","9,978","4,611",600,528,7,-,34,-
Female,"18,139","3,021","9,553","4,515",617,405,4,-,24,-
KIENI WEST,"31,845","5,018","16,942","8,205",932,672,16,-,60,-
Male,"16,390","2,628","8,705","4,183",462,366,6,-,40,-
Female,"15,455","2,390","8,237","4,022",470,306,10,-,20,-
MATHIRA EAST,"33,214","5,246","15,376","7,959","1,282","3,272",22,-,57,-
Male,"16,909","2,637","7,812","3,930",623,"1,868",7,-,32,-
Female,"16,305","2,609","7,564","4,029",659,"1,404",15,-,25,-
MATHIRA WEST,"19,857","3,056","10,231","5,117",844,553,5,-,51,-
Male,"10,272","1,599","5,318","2,623",403,297,3,-,29,-
Female,"9,585","1,457","4,913","2,494",441,256,2,-,22,-
NYERI SOUTH,"30,669","4,700","15,437","8,273","1,209",971,18,2,59,-
Male,"15,718","2,457","7,862","4,230",631,501,4,2,31,-
Female,"14,950","2,243","7,574","4,043",578,470,14,-,28,-
MUKURWE-INI,"30,159","4,360","16,341","7,620",968,785,12,-,73,-
Male,"15,861","2,221","8,528","4,100",527,440,4,-,41,-
Female,"14,296","2,139","7,811","3,520",441,345,8,-,32,-
NYERI CENTRAL,"44,275","7,452","20,514","10,046","3,184","2,939",14,1,125,-
Male,"22,509","3,787","10,439","4,943","1,497","1,773",5,-,65,-
Female,"21,764","3,665","10,074","5,102","1,687","1,166",9,1,60,-
MT. KENYA FOREST,44,7,21,11,5,-,-,-,-,-
Male,25,4,12,6,3,-,-,-,-,-
Female,19,3,9,5,2,-,-,-,-,-
ABERDARE FOREST,5,2,3,-,0,-,-,-,-,-
Male,4,2,2,-,0,-,-,-,-,-
Female,1,-,1,-,0,-,-,-,-,-
KIRINYAGA,"193,518","32,731","101,601","46,354","6,362","5,891",150,5,424,-
Male,"98,661","16,523","51,794","23,521","3,136","3,381",64,4,238,-
Female,"94,852","16,207","49,804","22,833","3,226","2,509",86,1,186,-
KIRINYAGA CENTRAL,"38,430","6,632","18,769","9,683","1,646","1,585",24,-,91,-
Male,"19,502","3,363","9,546","4,845",801,884,11,-,52,-
Female,"18,927","3,269","9,222","4,838",845,701,13,-,39,-
KIRINYAGA EAST,"41,819","6,660","22,065","10,339","1,355","1,279",21,2,98,-
Male,"21,314","3,286","11,222","5,358",666,707,14,2,59,-
Female,"20,504","3,374","10,842","4,981",689,572,7,-,39,-
KIRINYAGA WEST,"37,514","6,428","19,490","9,139","1,273","1,067",34,1,82,-
Male,"19,180","3,292","9,916","4,601",674,641,11,1,44,-
Female,"18,333","3,136","9,573","4,538",599,426,23,-,38,-
MWEA EAST,"40,992","7,138","22,327","9,032","1,146","1,189",56,2,102,-
Male,"20,775","3,612","11,432","4,452",517,681,26,1,54,-
Female,"20,216","3,526","10,895","4,580",629,507,30,1,48,-
MWEA WEST,"34,760","5,871","18,950","8,161",942,770,15,-,51,-
Male,"17,890","2,970","9,678","4,265",478,468,2,-,29,-
Female,"16,869","2,900","9,272","3,896",464,302,13,-,22,-
MT. KENYA FOREST,3,2,-,-,0,1,-,-,-,-
Male,-,-,-,-,0,-,-,-,-,-
Female,3,2,-,-,0,1,-,-,-,-
MURANG'A,"358,844","55,015","200,030","85,518","9,442","7,983",187,18,651,-
Male,"184,250","27,893","102,525","43,829","4,772","4,750",88,6,387,-
Female,"174,580","27,117","97,500","41,687","4,669","3,233",99,12,263,-
MURANG'A EAST,"35,232","5,375","18,772","8,224","1,364","1,367",22,3,105,-
Male,"17,772","2,711","9,539","4,077",617,749,11,2,66,-
Female,"17,459","2,663","9,233","4,147",747,618,11,1,39,-
KANGEMA,"26,598","3,980","13,935","7,088",880,647,11,4,53,-
Male,"13,778","2,013","7,208","3,674",471,386,4,-,22,-
Female,"12,818","1,966","6,727","3,413",409,261,7,4,31,-
MATHIOYA,"31,439","4,846","17,186","7,679",979,662,20,4,63,-
Male,"16,161","2,449","8,789","3,954",524,398,8,1,38,-
Female,"15,278","2,397","8,397","3,725",455,264,12,3,25,-
KAHURO,"29,727","4,189","16,276","7,843",686,662,18,1,52,-
Male,"15,443","2,145","8,427","4,074",366,393,6,-,32,-
Female,"14,279","2,042","7,847","3,769",319,269,12,1,20,-
MURANG'A SOUTH,"64,167","10,033","36,727","14,625","1,398","1,264",26,2,92,-
Male,"32,909","5,082","18,780","7,523",688,773,12,1,50,-
Female,"31,256","4,950","17,946","7,102",710,491,14,1,42,-
GATANGA,"65,058","10,459","36,121","15,307","1,706","1,296",36,-,133,-
Male,"33,338","5,291","18,442","7,858",876,767,22,-,82,-
Female,"31,719","5,168","17,679","7,449",830,529,14,-,50,-
KIGUMO,"46,894","6,811","27,237","10,769","1,044",958,24,-,51,-
Male,"24,235","3,483","14,079","5,512",528,589,10,-,34,-
Female,"22,658","3,328","13,157","5,257",516,369,14,-,17,-
KANDARA,"59,723","9,320","33,774","13,982","1,384","1,127",30,4,102,-
Male,"30,612","4,718","17,260","7,157",702,695,15,2,63,-
Female,"29,109","4,602","16,513","6,824",682,432,15,2,39,-
ABERDARE FOREST,6,2,2,1,1,-,-,-,-,-
Male,2,1,1,-,0,-,-,-,-,-
Female,4,1,1,1,1,-,-,-,-,-
KIAMBU,"778,586","140,181","379,694","165,313","41,712","49,386",381,13,"1,906",-
Male,"388,769","71,128","190,560","80,388","18,688","26,785",142,4,"1,074",-
Female,"389,789","69,047","189,120","84,922","23,022","22,599",239,9,831,-
GATUNDU NORTH,"36,935","5,691","19,781","9,621","1,002",714,20,-,106,-
Male,"18,737","2,912","10,075","4,807",487,386,7,-,63,-
Female,"18,198","2,779","9,706","4,814",515,328,13,-,43,-
GATUNDU SOUTH,"39,811","6,282","21,240","10,264","1,171",745,18,-,91,-
Male,"20,339","3,205","10,919","5,209",551,403,7,-,45,-
Female,"19,470","3,076","10,320","5,055",620,342,11,-,46,-
GITHUNGURI,"53,711","8,671","28,282","13,356","1,924","1,378",23,-,77,-
Male,"27,194","4,401","14,430","6,675",890,751,7,-,40,-
Female,"26,515","4,270","13,851","6,680","1,034",627,16,-,37,-
JUJA,"102,232","18,703","46,421","20,203","7,329","9,244",43,1,288,-
Male,"51,283","9,492","23,156","9,801","3,212","5,441",16,-,165,-
Female,"50,944","9,211","23,263","10,402","4,115","3,802",27,1,123,-
KABETE,"62,008","11,494","29,766","12,769","3,596","4,220",22,1,140,-
Male,"30,762","5,800","14,959","6,186","1,621","2,119",4,-,73,-
Female,"31,246","5,694","14,807","6,583","1,975","2,101",18,1,67,-
KIAMBAA,"71,027","13,896","34,844","14,511","3,618","3,900",35,1,222,-
Male,"34,903","7,056","17,237","7,008","1,584","1,884",20,1,113,-
Female,"36,121","6,840","17,605","7,503","2,034","2,016",15,-,108,-
KIAMBU,"43,881","8,002","21,314","8,726","2,686","3,025",24,-,104,-
Male,"21,477","4,021","10,513","4,184","1,226","1,464",10,-,59,-
Female,"22,402","3,980","10,800","4,542","1,460","1,561",14,-,45,-
KIKUYU,"59,423","11,191","28,495","12,192","3,171","4,221",24,-,129,-
Male,"29,466","5,670","14,296","5,832","1,409","2,176",7,-,76,-
Female,"29,957","5,521","14,199","6,360","1,762","2,045",17,-,53,-
LARI,"47,619","7,297","26,060","11,723","1,502",938,17,-,82,-
Male,"24,207","3,737","13,238","5,948",726,502,5,-,51,-
Female,"23,410","3,559","12,821","5,775",776,436,12,-,31,-
LIMURU,"53,173","9,389","27,485","11,995","2,263","1,860",44,2,135,-
Male,"26,850","4,777","14,039","5,867","1,049","1,030",8,1,79,-
Female,"26,323","4,612","13,446","6,128","1,214",830,36,1,56,-
RUIRU,"116,732","22,619","54,348","22,099","6,783","10,491",63,3,326,-
Male,"57,530","11,453","26,903","10,440","2,910","5,599",28,-,197,-
Female,"59,195","11,163","27,443","11,657","3,873","4,892",35,3,129,-
THIKA EAST,"12,908","2,325","7,019","2,846",396,286,9,-,27,-
Male,"6,498","1,164","3,572","1,405",183,151,7,-,16,-
Female,"6,410","1,161","3,447","1,441",213,135,2,-,11,-
THIKA WEST,"79,126","14,621","34,639","15,008","6,271","8,364",39,5,179,-
Male,"39,523","7,440","17,223","7,026","2,840","4,879",16,2,97,-
Female,"39,598","7,181","17,412","7,982","3,431","3,484",23,3,82,-
TURKANA,"184,015","39,898","106,684","29,708","4,284","1,892",840,172,537,-
Male,"98,266","19,965","55,428","17,976","2,651","1,401",435,94,316,-
Female,"85,746","19,932","51,255","11,732","1,633",491,405,78,220,-
KIBISH,"2,577",544,"1,561",348,54,30,18,-,22,-
Male,"1,516",289,907,227,40,27,9,-,17,-
Female,"1,060",254,654,121,14,3,9,-,5,-
LOIMA,"14,212","4,470","7,814","1,553",185,63,83,-,44,-
Male,"7,292","2,233","3,877",937,114,48,54,-,29,-
Female,"6,920","2,237","3,937",616,71,15,29,-,15,-
TURKANA CENTRAL,"53,043","12,612","28,917","8,817","1,627",805,164,1,100,-
Male,"27,137","6,272","14,405","4,853",888,577,87,1,54,-
Female,"25,906","6,340","14,512","3,964",739,228,77,-,46,-
TURKANA EAST,"16,281","2,453","9,521","3,386",569,178,85,-,89,-
Male,"8,857","1,282","5,018","1,962",364,129,56,-,46,-
Female,"7,424","1,171","4,503","1,424",205,49,29,-,43,-
TURKANA NORTH,"9,689","3,063","5,183","1,080",190,69,69,-,35,-
Male,"5,249","1,554","2,786",671,127,56,36,-,19,-
Female,"4,440","1,509","2,397",409,63,13,33,-,16,-
TURKANA SOUTH,"31,741","6,617","18,547","5,327",759,275,136,6,74,-
Male,"16,213","3,223","9,068","3,096",494,214,64,4,50,-
Female,"15,526","3,394","9,478","2,231",265,61,72,2,23,-
TURKANA WEST,"56,472","10,139","35,141","9,197",900,472,285,165,173,-
Male,"32,002","5,112","19,367","6,230",624,350,129,89,101,-
Female,"24,470","5,027","15,774","2,967",276,122,156,76,72,-
WEST POKOT,"235,136","50,585","139,629","37,252","3,542","3,147",531,2,448,-
Male,"119,842","25,693","70,061","19,911","1,700","1,961",279,1,236,-
Female,"115,287","24,892","69,561","17,341","1,842","1,186",252,1,212,-
KIPKOMO,"48,572","10,091","29,144","7,758",762,636,111,-,70,-
Male,"24,703","5,124","14,665","4,083",351,380,63,-,37,-
Female,"23,865","4,967","14,475","3,675",411,256,48,-,33,-
POKOT CENTRAL,"42,955","9,763","27,097","5,291",397,282,72,-,53,-
Male,"22,218","4,963","13,880","2,919",212,187,34,-,23,-
Female,"20,736","4,800","13,216","2,372",185,95,38,-,30,-
POKOT NORTH,"27,221","6,693","16,267","3,597",321,258,48,-,37,-
Male,"13,774","3,314","7,896","2,146",187,182,27,-,22,-
Female,"13,447","3,379","8,371","1,451",134,76,21,-,15,-
POKOT SOUTH,"41,818","8,941","24,099","7,366",704,556,90,-,62,-
Male,"21,211","4,578","12,078","3,784",333,361,38,-,39,-
Female,"20,605","4,363","12,019","3,582",371,195,52,-,23,-
WEST POKOT,"74,570","15,097","43,022","13,240","1,358","1,415",210,2,226,-
Male,"37,936","7,714","21,542","6,979",617,851,117,1,115,-
Female,"36,634","7,383","21,480","6,261",741,564,93,1,111,-
SAMBURU,"86,608","21,871","48,614","12,881","1,685","1,192",158,4,203,-
Male,"46,092","11,378","25,090","7,597","1,008",815,92,1,111,-
Female,"40,515","10,492","23,524","5,284",677,377,66,3,92,-
SAMBURU CENTRAL,"55,364","13,680","31,234","8,312","1,055",865,74,2,142,-
Male,"29,444","7,117","16,127","4,889",605,582,45,1,78,-
Female,"25,920","6,563","15,107","3,423",450,283,29,1,64,-
SAMBURU EAST,"17,726","4,396","9,993","2,633",438,179,41,1,45,-
Male,"9,425","2,293","5,144","1,536",278,123,26,-,25,-
Female,"8,301","2,103","4,849","1,097",160,56,15,1,20,-
SAMBURU NORTH,"13,518","3,795","7,387","1,936",192,148,43,1,16,-
Male,"7,223","1,968","3,819","1,172",125,110,21,-,8,-
Female,"6,294","1,826","3,568",764,67,38,22,1,8,-
TRANS NZOIA,"440,977","78,093","258,680","86,362","8,872","7,769",457,3,741,-
Male,"224,218","39,829","131,907","43,166","4,089","4,560",241,-,426,-
Female,"216,747","38,263","126,763","43,195","4,783","3,209",216,3,315,-
TRANS NZOIA WEST,"87,077","15,921","50,603","16,875","2,041","1,442",40,1,154,-
Male,"44,064","8,103","25,650","8,406",947,854,21,-,83,-
Female,"43,011","7,818","24,951","8,469","1,094",588,19,1,71,-
TRANS NZOIA EAST,"105,393","17,444","62,221","21,367","2,004","2,069",62,-,226,-
Male,"53,788","8,886","31,899","10,727",900,"1,213",30,-,133,-
Female,"51,600","8,557","30,318","10,640","1,104",856,32,-,93,-
KWANZA,"91,168","16,297","54,486","17,131","1,546","1,332",210,1,165,-
Male,"46,409","8,329","27,894","8,474",719,794,112,-,87,-
Female,"44,758","7,968","26,592","8,656",827,538,98,1,78,-
ENDEBESS,"50,202","9,970","30,818","8,259",621,431,57,-,46,-
Male,"25,839","5,118","15,768","4,316",302,280,28,-,27,-
Female,"24,361","4,852","15,048","3,943",319,151,29,-,19,-
KIMININI,"107,137","18,461","60,552","22,730","2,660","2,495",88,1,150,-
Male,"54,118","9,393","30,696","11,243","1,221","1,419",50,-,96,-
Female,"53,017","9,068","29,854","11,487","1,439","1,076",38,1,54,-
UASIN GISHU,"480,402","81,478","253,451","100,063","24,520","19,660",362,13,855,-
Male,"241,839","42,019","128,836","48,988","10,984","10,363",192,10,447,-
Female,"238,555","39,457","124,613","51,073","13,536","9,296",170,3,407,-
AINABKOI,"57,988","9,257","30,335","12,770","2,886","2,621",36,2,81,-
Male,"29,057","4,808","15,410","6,180","1,261","1,340",17,-,41,-
Female,"28,931","4,449","14,925","6,590","1,625","1,281",19,2,40,-
KAPSERET,"77,598","12,750","37,485","15,482","7,160","4,506",42,-,173,-
Male,"38,581","6,525","18,806","7,451","3,410","2,283",20,-,86,-
Female,"39,017","6,225","18,679","8,031","3,750","2,223",22,-,87,-
KESSES,"65,544","10,917","35,534","14,085","2,421","2,473",29,1,84,-
Male,"33,580","5,712","18,317","7,064","1,097","1,332",17,1,40,-
Female,"31,962","5,205","17,216","7,021","1,324","1,140",12,-,44,-
MOIBEN,"73,257","11,924","37,835","15,841","3,556","3,900",65,-,136,-
Male,"36,585","6,107","19,275","7,614","1,466","2,023",30,-,70,-
Female,"36,672","5,817","18,560","8,227","2,090","1,877",35,-,66,-
SOY,"100,702","17,615","55,793","20,587","3,636","2,828",89,-,154,-
Male,"51,374","9,112","28,651","10,279","1,625","1,578",43,-,86,-
Female,"49,326","8,502","27,142","10,308","2,011","1,250",46,-,67,-
TURBO,"105,313","19,015","56,469","21,298","4,861","3,332",101,10,227,-
Male,"52,662","9,755","28,377","10,400","2,125","1,807",65,9,124,-
Female,"52,647","9,259","28,091","10,896","2,736","1,525",36,1,103,-
ELGEYO/MARAKWET,"203,979","38,412","117,050","39,314","4,910","3,723",223,1,346,-
Male,"103,310","19,750","59,473","19,447","2,327","1,995",128,1,189,-
Female,"100,663","18,662","57,573","19,866","2,583","1,727",95,-,157,-
KEIYO NORTH,"42,628","7,694","23,516","8,821","1,474","1,055",18,-,50,-
Male,"21,499","4,013","12,047","4,236",637,526,12,-,28,-
Female,"21,128","3,681","11,468","4,585",837,529,6,-,22,-
KEIYO SOUTH,"53,990","9,057","30,641","11,456","1,602","1,042",54,1,137,-
Male,"27,641","4,672","15,835","5,679",817,530,31,1,76,-
Female,"26,348","4,385","14,806","5,777",785,511,23,-,61,-
MARAKWET EAST,"45,934","10,132","27,007","7,411",626,617,83,-,58,-
Male,"23,055","5,231","13,350","3,764",284,349,42,-,35,-
Female,"22,878","4,901","13,656","3,647",342,268,41,-,23,-
MARAKWET WEST,"61,427","11,529","35,886","11,626","1,208","1,009",68,-,101,-
Male,"31,115","5,834","18,241","5,768",589,590,43,-,50,-
Female,"30,309","5,695","17,643","5,857",619,419,25,-,51,-
NANDI,"390,831","67,337","225,229","77,476","11,435","8,234",518,1,601,-
Male,"199,523","34,569","115,923","38,387","5,258","4,743",287,-,356,-
Female,"191,303","32,766","109,303","39,089","6,177","3,491",231,1,245,-
CHESUMEI,"69,608","11,320","38,932","14,302","2,467","2,456",40,1,90,-
Male,"35,299","5,780","20,040","6,909","1,099","1,391",29,-,51,-
Female,"34,308","5,539","18,892","7,393","1,368","1,065",11,1,39,-
NANDI CENTRAL,"62,865","10,406","36,226","12,684","1,834","1,421",187,-,107,-
Male,"32,004","5,318","18,647","6,204",847,842,91,-,55,-
Female,"30,860","5,088","17,578","6,480",987,579,96,-,52,-
NANDI EAST,"51,575","9,510","29,402","9,792","1,701","1,026",46,-,98,-
Male,"26,083","4,877","14,895","4,834",807,583,29,-,58,-
Female,"25,492","4,633","14,507","4,958",894,443,17,-,40,-
NANDI NORTH,"75,700","12,956","43,886","15,010","2,168","1,465",69,-,146,-
Male,"38,889","6,692","22,720","7,523",993,831,34,-,96,-
Female,"36,809","6,264","21,164","7,487","1,175",634,35,-,50,-
NANDI SOUTH,"77,802","13,512","45,080","15,794","2,079","1,137",106,-,94,-
Male,"39,675","6,904","23,276","7,754",961,660,65,-,55,-
Female,"38,127","6,608","21,804","8,040","1,118",477,41,-,39,-
TINDERET,"53,281","9,633","31,703","9,894","1,186",729,70,-,66,-
Male,"27,573","4,998","16,345","5,163",551,436,39,-,41,-
Female,"25,707","4,634","15,358","4,731",635,293,31,-,25,-
BARINGO,"253,878","46,616","145,199","49,723","6,398","5,085",333,1,523,-
Male,"130,797","24,297","74,759","25,338","3,052","2,894",179,-,278,-
Female,"123,075","22,317","70,438","24,383","3,346","2,191",154,1,245,-
BARINGO CENTRAL,"42,317","6,598","23,342","9,487","1,592","1,210",12,-,76,-
Male,"21,287","3,426","11,772","4,639",740,666,5,-,39,-
Female,"21,030","3,172","11,570","4,848",852,544,7,-,37,-
BARINGO NORTH,"47,924","8,379","28,250","9,441",928,773,45,-,108,-
Male,"24,837","4,424","14,622","4,771",477,467,17,-,59,-
Female,"23,087","3,955","13,628","4,670",451,306,28,-,49,-
EAST POKOT,"12,743","2,968","7,226","1,990",264,172,53,-,70,-
Male,"6,913","1,569","3,848","1,166",144,115,34,-,37,-
Female,"5,829","1,398","3,378",824,120,57,19,-,33,-
KOIBATEK,"55,856","9,600","31,178","12,043","1,579","1,332",27,1,96,-
Male,"28,370","4,964","15,988","5,961",685,710,16,-,46,-
Female,"27,484","4,636","15,189","6,081",894,622,11,1,50,-
MARIGAT,"41,259","8,706","24,451","6,770",649,595,43,-,45,-
Male,"21,466","4,531","12,570","3,634",320,365,20,-,26,-
Female,"19,792","4,175","11,880","3,136",329,230,23,-,19,-
MOGOTIO,"41,411","7,465","23,752","8,131","1,095",841,58,-,69,-
Male,"21,210","3,877","12,232","4,063",509,456,36,-,37,-
Female,"20,199","3,587","11,520","4,067",586,385,22,-,32,-
TIATY EAST,"12,368","2,900","7,000","1,861",291,162,95,-,59,-
Male,"6,714","1,506","3,727","1,104",177,115,51,-,34,-
Female,"5,654","1,394","3,273",757,114,47,44,-,25,-
LAIKIPIA,"184,613","34,072","102,094","39,207","3,868","4,848",172,5,347,-
Male,"94,751","17,510","52,306","20,082","1,879","2,693",70,3,208,-
Female,"89,858","16,560","49,787","19,124","1,989","2,155",102,2,139,-
LAIKIPIA CENTRAL,"34,143","5,689","18,542","8,263",884,650,17,-,98,-
Male,"17,659","2,958","9,601","4,281",422,339,6,-,52,-
Female,"16,484","2,731","8,941","3,982",462,311,11,-,46,-
LAIKIPIA EAST,"33,653","6,133","18,395","7,181","1,008",839,38,1,58,-
Male,"16,957","3,111","9,259","3,617",472,441,17,1,39,-
Female,"16,694","3,021","9,136","3,563",536,398,21,-,19,-
LAIKIPIA NORTH,"11,535","3,274","6,690","1,333",89,84,45,1,19,-
Male,"6,102","1,679","3,562",730,48,62,7,-,14,-
Female,"5,433","1,595","3,128",603,41,22,38,1,5,-
LAIKIPIA WEST,"44,887","8,817","25,935","8,808",628,572,47,-,80,-
Male,"23,244","4,571","13,337","4,602",323,344,27,-,40,-
Female,"21,642","4,246","12,597","4,206",305,228,20,-,40,-
NYAHURURU,"60,395","10,159","32,532","13,622","1,259","2,703",25,3,92,-
Male,"30,789","5,191","16,547","6,852",614,"1,507",13,2,63,-
Female,"29,605","4,967","15,985","6,770",645,"1,196",12,1,29,-
NAKURU,"843,280","153,266","464,226","176,486","24,332","23,149",429,16,"1,376",-
Male,"429,850","78,693","236,584","88,992","11,283","13,325",191,9,773,-
Female,"413,397","74,569","227,621","87,487","13,049","9,823",238,7,603,-
GILGIL,"72,508","12,383","38,274","18,029","2,060","1,609",37,1,115,-
Male,"37,668","6,369","19,634","9,682","1,031",874,15,1,62,-
Female,"34,837","6,014","18,639","8,345","1,029",735,22,-,53,-
KURESOI NORTH,"78,524","14,835","48,052","13,457","1,051",966,42,1,120,-
Male,"40,306","7,614","24,692","6,770",522,621,22,1,64,-
Female,"38,216","7,221","23,359","6,686",529,345,20,-,56,-
KURESOI SOUTH,"70,014","12,604","43,004","11,734","1,271","1,245",39,-,117,-
Male,"36,116","6,539","22,143","5,977",604,769,20,-,64,-
Female,"33,896","6,065","20,859","5,757",667,476,19,-,53,-
MOLO,"65,127","11,434","37,005","13,988","1,288","1,282",35,-,95,-
Male,"33,330","5,777","19,150","6,975",595,760,18,-,55,-
Female,"31,795","5,656","17,854","7,013",693,522,17,-,40,-
NAIVASHA,"122,184","23,165","65,447","26,881","3,989","2,467",43,-,192,-
Male,"61,761","11,880","32,758","13,692","1,882","1,420",19,-,110,-
Female,"60,415","11,285","32,683","13,187","2,107","1,047",24,-,82,-
NAKURU EAST,"67,868","11,838","32,780","15,161","3,976","3,926",24,10,153,-
Male,"33,656","5,993","16,300","7,472","1,705","2,085",9,4,88,-
Female,"34,210","5,845","16,479","7,689","2,271","1,840",15,6,65,-
NAKURU NORTH,"82,270","14,859","43,262","18,877","2,582","2,503",31,-,156,-
Male,"41,720","7,624","22,062","9,327","1,154","1,450",11,-,92,-
Female,"40,543","7,234","21,195","9,549","1,428","1,053",20,-,64,-
NAKURU WEST,"67,111","12,623","34,045","14,087","3,387","2,775",28,4,162,-
Male,"33,350","6,387","16,942","6,850","1,479","1,589",11,3,89,-
Female,"33,758","6,235","17,102","7,236","1,908","1,186",17,1,73,-
NJORO,"101,530","19,870","58,333","18,808","1,631","2,735",60,-,93,-
Male,"52,332","10,178","30,134","9,456",781,"1,705",28,-,50,-
Female,"49,198","9,692","28,199","9,352",850,"1,030",32,-,43,-
RONGAI,"80,687","13,981","43,893","17,062","2,473","3,076",65,-,137,-
Male,"41,256","7,354","22,363","8,541","1,188","1,701",27,-,82,-
Female,"39,428","6,626","21,528","8,521","1,285","1,375",38,-,55,-
SUBUKIA,"35,457","5,674","20,131","8,402",624,565,25,-,36,-
Male,"18,355","2,978","10,406","4,250",342,351,11,-,17,-
Female,"17,101","2,696","9,724","4,152",282,214,14,-,19,-
NAROK,"481,160","106,175","292,483","67,390","7,678","5,820",636,20,958,-
Male,"248,214","54,394","149,321","36,119","3,836","3,660",341,15,528,-
Female,"232,941","51,779","143,159","31,271","3,842","2,160",295,5,430,-
NAROK EAST,"46,371","10,058","28,756","6,303",625,385,35,-,209,-
Male,"23,840","5,187","14,624","3,327",315,266,14,-,107,-
Female,"22,531","4,871","14,132","2,976",310,119,21,-,102,-
NAROK NORTH,"99,145","20,999","58,816","14,657","2,240","2,110",92,19,212,-
Male,"50,396","10,633","29,718","7,591","1,061","1,205",52,15,121,-
Female,"48,746","10,364","29,097","7,066","1,179",905,40,4,91,-
NAROK SOUTH,"94,417","21,280","58,430","12,399","1,182",854,147,-,125,-
Male,"49,039","10,945","30,053","6,707",608,568,89,-,69,-
Female,"45,378","10,335","28,377","5,692",574,286,58,-,56,-
NAROK WEST,"73,667","17,273","44,879","9,500","1,002",773,79,-,161,-
Male,"39,063","8,918","23,533","5,398",551,531,42,-,90,-
Female,"34,604","8,355","21,346","4,102",451,242,37,-,71,-
TRANS MARA EAST,"56,624","10,964","35,611","8,301",859,663,141,1,84,-
Male,"29,303","5,686","18,153","4,460",441,450,67,-,46,-
Female,"27,320","5,278","17,457","3,841",418,213,74,1,38,-
TRANS MARA WEST,"110,934","25,601","65,991","16,229","1,770","1,034",142,-,167,-
Male,"56,572","13,025","33,240","8,635",860,640,77,-,95,-
Female,"54,361","12,576","32,750","7,594",910,394,65,-,72,-
MAU FOREST,2,-,-,1,0,1,-,-,-,-
Male,1,-,-,1,0,-,-,-,-,-
Female,1,-,-,-,0,1,-,-,-,-
KAJIADO,"389,090","82,844","208,959","65,039","14,852","15,652",442,39,"1,262",1
Male,"195,925","42,084","104,769","32,507","7,068","8,598",207,18,673,1
Female,"193,153","40,758","104,184","32,530","7,783","7,053",235,21,589,-
ISINYA,"63,220","13,601","30,696","11,773","3,568","3,140",77,4,361,-
Male,"31,257","6,793","15,290","5,662","1,628","1,668",34,1,181,-
Female,"31,962","6,808","15,406","6,110","1,940","1,472",43,3,180,-
KAJIADO CENTRAL,"63,843","15,482","36,972","8,884","1,407",765,90,28,215,-
Male,"32,735","7,851","18,831","4,691",733,462,48,13,106,-
Female,"31,107","7,631","18,140","4,193",674,303,42,15,109,-
KAJIADO NORTH,"102,623","18,681","47,717","20,171","6,123","9,538",54,6,332,1
Male,"50,880","9,421","23,680","9,616","2,825","5,132",19,3,183,1
Female,"51,740","9,260","24,036","10,555","3,297","4,405",35,3,149,-
KAJIADO WEST,"64,855","15,035","36,458","10,049","1,851","1,250",61,-,151,-
Male,"33,179","7,726","18,421","5,249",916,744,33,-,90,-
Female,"31,673","7,309","18,034","4,800",935,506,28,-,61,-
LOITOKITOK,"70,006","15,136","43,218","9,514","1,271",609,110,-,148,-
Male,"35,391","7,764","21,500","4,928",667,400,45,-,87,-
Female,"34,612","7,371","21,717","4,585",604,209,65,-,61,-
MASHUURU,"24,543","4,909","13,898","4,648",632,350,50,1,55,-
Male,"12,483","2,529","7,047","2,361",299,192,28,1,26,-
Female,"12,059","2,379","6,851","2,287",333,158,22,-,29,-
KERICHO,"387,109","62,460","221,847","80,315","11,364","10,435",248,2,438,-
Male,"197,586","32,027","113,482","40,385","5,363","5,960",124,2,243,-
Female,"189,513","30,432","108,359","39,928","6,000","4,475",124,-,195,-
BELGUT,"60,638","8,431","34,423","13,603","2,053","2,033",16,-,79,-
Male,"30,818","4,300","17,531","6,826",983,"1,131",7,-,40,-
Female,"29,820","4,131","16,892","6,777","1,070",902,9,-,39,-
BURETI,"86,254","13,583","47,997","19,278","2,842","2,394",59,-,101,-
Male,"43,631","6,925","24,469","9,419","1,350","1,385",30,-,53,-
Female,"42,621","6,658","23,526","9,859","1,492","1,009",29,-,48,-
KERICHO EAST,"67,745","10,939","37,672","13,763","2,595","2,647",43,-,86,-
Male,"34,263","5,589","19,149","6,836","1,158","1,468",20,-,43,-
Female,"33,482","5,350","18,523","6,927","1,437","1,179",23,-,43,-
KIPKELION,"55,631","10,165","32,751","10,610","1,067",907,52,1,78,-
Male,"28,758","5,218","16,814","5,554",542,550,28,1,51,-
Female,"26,872","4,947","15,937","5,055",525,357,24,-,27,-
LONDIANI,"60,196","10,107","34,803","12,439","1,419","1,358",28,-,42,-
Male,"30,865","5,160","17,840","6,348",676,805,11,-,25,-
Female,"29,325","4,946","16,959","6,090",743,553,17,-,17,-
SOIN SIGOWET,"56,645","9,235","34,201","10,622","1,388","1,096",50,1,52,-
Male,"29,251","4,835","17,679","5,402",654,621,28,1,31,-
Female,"27,393","4,400","16,522","5,220",733,475,22,-,21,-
BOMET,"400,330","64,231","234,857","79,100","12,007","9,333",201,2,599,-
Male,"205,930","33,347","120,121","40,515","5,865","5,638",107,1,336,-
Female,"194,390","30,882","114,729","38,585","6,141","3,695",94,1,263,-
BOMET EAST,"66,149","11,092","40,132","11,825","1,744","1,181",32,1,142,-
Male,"34,557","5,905","20,650","6,271",873,754,20,-,84,-
Female,"31,590","5,186","19,481","5,554",871,427,12,1,58,-
CHEPALUNGU,"80,719","12,852","48,838","15,215","1,945","1,736",37,-,96,-
Male,"41,395","6,642","24,878","7,764",936,"1,105",17,-,53,-
Female,"39,321","6,210","23,957","7,451","1,009",631,20,-,43,-
KONOIN,"71,277","11,415","41,027","14,837","2,180","1,658",53,1,106,-
Male,"36,629","5,969","20,963","7,561","1,051","1,001",25,1,58,-
Female,"34,646","5,446","20,062","7,276","1,129",657,28,-,48,-
SOTIK,"106,570","16,831","61,300","22,031","3,389","2,831",47,-,141,-
Male,"54,539","8,631","31,278","11,175","1,686","1,666",25,-,78,-
Female,"52,029","8,199","30,021","10,856","1,703","1,165",22,-,63,-
BOMET CENTRAL,"75,615","12,041","43,560","15,192","2,749","1,927",32,-,114,-
Male,"38,810","6,200","22,352","7,744","1,319","1,112",20,-,63,-
Female,"36,804","5,841","21,208","7,448","1,429",815,12,-,51,-
KAKAMEGA,"853,032","153,022","515,692","151,152","16,498","14,362",869,12,"1,425",-
Male,"428,345","78,499","259,308","72,772","8,038","8,441",472,8,807,-
Female,"424,667","74,517","256,374","78,379","8,458","5,921",397,4,617,-
BUTERE,"70,110","12,979","43,070","11,955","1,153",806,76,4,67,-
Male,"35,290","6,677","21,746","5,711",575,496,45,2,38,-
Female,"34,818","6,302","21,322","6,244",578,310,31,2,29,-
KAKAMEGA CENTRAL,"78,154","13,511","41,154","14,539","3,064","5,607",95,1,183,-
Male,"38,893","6,917","20,306","6,925","1,406","3,178",56,1,104,-
Female,"39,260","6,593","20,848","7,614","1,658","2,429",39,-,79,-
KAKAMEGA EAST,"73,954","12,981","46,108","12,522","1,464",672,78,1,128,-
Male,"37,256","6,748","23,242","5,968",780,395,43,-,80,-
Female,"36,695","6,233","22,865","6,553",683,277,35,1,48,-
KAKAMEGA NORTH,"112,147","20,635","68,063","19,774","2,150","1,218",153,-,154,-
Male,"56,409","10,501","34,412","9,544","1,071",713,90,-,78,-
Female,"55,734","10,132","33,649","10,230","1,079",505,63,-,76,-
KAKAMEGA SOUTH,"50,293","9,001","30,527","9,140",984,511,54,1,75,-
Male,"25,084","4,672","15,229","4,323",478,308,31,1,42,-
Female,"25,209","4,329","15,298","4,817",506,203,23,-,33,-
KHWISERO,"51,333","9,178","31,871","8,919",768,534,10,-,53,-
Male,"25,687","4,687","16,032","4,204",390,338,3,-,33,-
Female,"25,645","4,490","15,839","4,715",378,196,7,-,20,-
LIKUYANI,"68,899","11,555","40,951","13,820","1,249","1,024",105,-,195,-
Male,"34,856","5,951","20,968","6,614",602,571,50,-,100,-
Female,"34,041","5,604","19,982","7,206",646,453,55,-,95,-
LUGARI,"55,233","8,981","32,741","11,540","1,111",686,68,-,106,-
Male,"27,808","4,567","16,642","5,603",528,374,31,-,63,-
Female,"27,425","4,414","16,099","5,937",583,312,37,-,43,-
MATETE,"31,089","5,564","19,073","5,545",511,307,27,1,61,-
Male,"15,709","2,873","9,705","2,650",242,185,13,-,41,-
Female,"15,380","2,691","9,368","2,895",269,122,14,1,20,-
MATUNGU,"78,781","14,859","49,538","12,550",969,680,46,3,136,-
Male,"39,392","7,547","24,684","6,133",478,452,22,3,73,-
Female,"39,387","7,311","24,853","6,417",491,228,24,-,63,-
MUMIAS EAST,"55,214","10,339","33,790","9,192",962,809,38,-,84,-
Male,"27,824","5,329","16,957","4,500",459,512,21,-,46,-
Female,"27,388","5,010","16,831","4,692",503,297,17,-,38,-
MUMIAS WEST,"53,145","9,722","32,085","9,552",859,814,48,1,64,-
Male,"26,655","5,020","16,010","4,699",382,481,26,1,36,-
Female,"26,490","4,702","16,075","4,853",477,333,22,-,28,-
NAVAKHOLO,"74,680","13,717","46,721","12,104","1,254",694,71,-,119,-
Male,"37,482","7,010","23,375","5,898",647,438,41,-,73,-
Female,"37,195","6,706","23,345","6,206",607,256,30,-,45,-
VIHIGA,"257,982","42,486","155,773","49,704","5,490","3,864",253,3,409,-
Male,"129,422","21,635","78,677","23,738","2,746","2,250",124,3,249,-
Female,"128,556","20,850","77,094","25,966","2,743","1,614",129,-,160,-
EMUHAYA,"42,853","7,647","26,601","7,332",720,447,34,1,71,-
Male,"21,470","3,934","13,363","3,477",363,269,19,1,44,-
Female,"21,383","3,713","13,238","3,855",357,178,15,-,27,-
VIHIGA,"41,104","6,836","23,817","8,582","1,118",662,29,-,60,-
Male,"20,629","3,504","12,060","4,050",579,384,16,-,36,-
Female,"20,475","3,332","11,757","4,532",539,278,13,-,24,-
SABATIA,"57,435","8,827","34,581","11,624","1,368",917,22,1,95,-
Male,"28,652","4,459","17,366","5,593",656,503,12,1,62,-
Female,"28,782","4,367","17,215","6,031",712,414,10,-,33,-
LUANDA,"45,308","8,093","27,327","8,121",883,753,47,-,84,-
Male,"22,740","4,113","13,772","3,876",458,453,22,-,46,-
Female,"22,568","3,980","13,555","4,245",425,300,25,-,38,-
HAMISI,"71,281","11,083","43,447","14,045","1,400","1,085",121,1,99,-
Male,"35,931","5,625","22,116","6,742",690,641,55,1,61,-
Female,"35,347","5,458","21,329","7,303",709,444,66,-,38,-
KAKAMEGA FOREST,1,-,-,-,1,-,-,-,-,-
Male,-,-,-,-,0,-,-,-,-,-
Female,1,-,-,-,1,-,-,-,-,-
BUNGOMA,"782,677","140,454","461,621","148,766","17,041","12,445",805,11,"1,534",-
Male,"396,144","71,721","234,479","72,938","8,172","7,512",421,6,895,-
Female,"386,512","68,729","227,130","75,823","8,869","4,933",384,5,639,-
BUMULA,"102,696","18,704","63,464","17,670","1,704",890,109,-,155,-
Male,"51,685","9,493","32,073","8,535",861,562,68,-,93,-
Female,"51,010","9,211","31,390","9,135",843,328,41,-,62,-
BUNGOMA CENTRAL,"83,204","15,040","48,733","15,838","2,028","1,187",60,1,317,-
Male,"41,882","7,638","24,630","7,598",993,814,31,-,178,-
Female,"41,319","7,402","24,101","8,239","1,035",373,29,1,139,-
BUNGOMA EAST,"54,673","9,994","31,446","11,140","1,166",793,36,1,97,-
Male,"27,756","5,105","16,097","5,474",530,468,17,-,65,-
Female,"26,916","4,889","15,349","5,665",636,325,19,1,32,-
BUNGOMA NORTH,"58,637","9,582","34,348","12,304","1,381",896,37,1,88,-
Male,"29,768","4,938","17,558","6,019",640,547,15,-,51,-
Female,"28,868","4,644","16,790","6,284",741,349,22,1,37,-
BUNGOMA SOUTH,"127,072","22,623","69,457","25,799","4,099","4,619",231,4,240,-
Male,"63,234","11,509","34,568","12,311","1,921","2,659",123,3,140,-
Female,"63,836","11,114","34,887","13,488","2,178","1,960",108,1,100,-
CHEPTAIS,"64,726","13,309","39,912","10,080",710,476,85,-,154,-
Male,"33,517","6,903","20,560","5,238",340,335,43,-,98,-
Female,"31,205","6,404","19,350","4,842",370,141,42,-,56,-
KIMILILI,"74,973","12,656","44,550","14,913","1,624",973,78,2,177,-
Male,"37,873","6,404","22,614","7,337",795,589,37,1,96,-
Female,"37,097","6,252","21,933","7,576",829,384,41,1,81,-
MT. ELGON,"38,081","6,680","22,573","7,602",619,551,31,-,25,-
Male,"19,547","3,398","11,628","3,874",273,340,17,-,17,-
Female,"18,532","3,281","10,944","3,728",346,211,14,-,8,-
BUNGOMA WEST,"56,958","10,704","34,973","9,559","1,047",482,86,-,107,-
Male,"28,777","5,456","17,727","4,660",525,310,41,-,58,-
Female,"28,180","5,248","17,246","4,898",522,172,45,-,49,-
TONGAREN,"47,790","7,816","28,341","10,000",969,577,22,1,64,-
Male,"24,466","4,002","14,623","4,979",486,333,10,1,32,-
Female,"23,323","3,814","13,718","5,020",483,244,12,-,32,-
WEBUYE WEST,"72,319","13,004","42,802","13,687","1,693",994,28,1,110,-
Male,"36,806","6,694","21,855","6,813",807,551,18,1,67,-
Female,"35,511","6,309","20,946","6,874",886,443,10,-,43,-
MT. ELGON FOREST,"1,548",342,"1,022",174,1,7,2,-,-,-
Male,833,181,546,100,1,4,1,-,-,-
Female,715,161,476,74,0,3,1,-,-,-
BUSIA,"405,072","75,339","243,572","73,272","7,042","4,807",436,9,595,-
Male,"202,993","38,083","121,425","36,562","3,470","2,846",245,6,356,-
Female,"202,061","37,252","122,134","36,710","3,571","1,961",191,3,239,-
BUNYALA,"38,459","7,696","23,270","6,275",639,464,33,1,81,-
Male,"19,533","3,860","11,720","3,246",343,292,14,1,57,-
Female,"18,926","3,836","11,550","3,029",296,172,19,-,24,-
BUSIA,"60,486","10,959","35,975","11,189","1,298",916,44,1,104,-
Male,"30,010","5,495","17,879","5,426",612,513,18,1,66,-
Female,"30,475","5,464","18,095","5,763",686,403,26,-,38,-
BUTULA,"65,364","11,409","40,825","11,417",896,626,108,1,82,-
Male,"32,668","5,807","20,323","5,601",427,398,67,-,45,-
Female,"32,695","5,602","20,502","5,816",468,228,41,1,37,-
NAMBALE,"52,698","8,669","32,505","9,750",953,683,37,1,100,-
Male,"26,187","4,319","16,260","4,680",449,398,20,1,60,-
Female,"26,509","4,350","16,243","5,070",504,285,17,-,40,-
SAMIA,"48,054","8,939","29,061","8,719",720,487,67,2,59,-
Male,"24,303","4,501","14,522","4,519",388,293,44,2,34,-
Female,"23,739","4,435","14,530","4,200",332,194,23,-,25,-
TESO NORTH,"63,423","12,242","37,069","12,126","1,152",711,54,2,67,-
Male,"31,916","6,227","18,509","6,087",583,440,28,1,41,-
Female,"31,506","6,014","18,560","6,039",569,271,26,1,26,-
TESO SOUTH,"76,588","15,425","44,867","13,796","1,384",920,93,1,102,-
Male,"38,376","7,874","22,212","7,003",668,512,54,-,53,-
Female,"38,211","7,551","22,654","6,793",716,408,39,1,49,-
SIAYA,"441,450","85,951","261,013","77,243","8,682","7,546",235,12,768,-
Male,"223,195","43,855","131,985","38,147","3,974","4,665",124,9,436,-
Female,"218,250","42,094","129,027","39,096","4,707","2,881",111,3,331,-
SIAYA,"97,831","19,091","58,313","16,472","2,121","1,632",41,1,160,-
Male,"49,139","9,773","29,239","8,114",914,986,22,1,90,-
Female,"48,691","9,318","29,074","8,358","1,207",646,19,-,69,-
GEM,"79,914","15,320","48,491","13,551","1,378","1,054",20,-,100,-
Male,"40,606","7,881","24,778","6,616",616,647,8,-,60,-
Female,"39,306","7,437","23,713","6,935",762,407,12,-,40,-
UGENYA,"60,785","11,524","36,457","11,099",814,760,36,1,94,-
Male,"31,007","5,946","18,592","5,535",374,485,19,-,56,-
Female,"29,777","5,578","17,865","5,564",439,275,17,1,38,-
UGUNJA,"46,310","8,790","27,498","8,573",763,592,29,2,63,-
Male,"23,305","4,399","13,855","4,291",366,349,14,1,30,-
Female,"23,005","4,391","13,643","4,282",397,243,15,1,33,-
BONDO,"86,934","17,485","49,755","14,647","2,188","2,595",57,3,204,-
Male,"43,785","8,881","24,920","7,154","1,035","1,639",32,3,121,-
Female,"43,148","8,604","24,834","7,493","1,153",956,25,-,83,-
RARIEDA,"69,676","13,741","40,499","12,901","1,418",913,52,5,147,-
Male,"35,353","6,975","20,601","6,437",669,559,29,4,79,-
Female,"34,323","6,766","19,898","6,464",749,354,23,1,68,-
KISUMU,"504,812","95,270","277,804","96,895","16,444","17,317",349,10,723,-
Male,"253,600","48,333","139,309","47,712","7,820","9,852",184,7,383,-
Female,"251,209","46,937","138,492","49,183","8,624","7,465",165,3,340,-
KISUMU EAST,"89,998","17,974","47,373","17,091","4,141","3,272",50,3,94,-
Male,"44,568","9,113","23,348","8,180","2,030","1,824",24,3,46,-
Female,"45,429","8,861","24,024","8,911","2,111","1,448",26,-,48,-
KISUMU CENTRAL,"68,344","11,653","32,392","14,772","4,683","4,663",30,2,149,-
Male,"32,743","5,759","15,639","6,782","2,072","2,398",15,-,78,-
Female,"35,601","5,894","16,753","7,990","2,611","2,265",15,2,71,-
KISUMU WEST,"75,229","13,371","40,444","13,930","2,316","5,027",60,2,79,-
Male,"38,152","6,837","20,242","6,930","1,101","2,962",31,2,47,-
Female,"37,077","6,534","20,202","7,000","1,215","2,065",29,-,32,-
SEME,"56,390","10,567","33,461","10,618",915,734,54,-,41,-
Male,"28,762","5,358","17,088","5,357",437,475,25,-,22,-
Female,"27,628","5,209","16,373","5,261",478,259,29,-,19,-
MUHORONI,"68,825","13,942","40,448","12,052","1,231",998,47,-,107,-
Male,"35,108","7,118","20,497","6,176",626,601,29,-,61,-
Female,"33,716","6,824","19,950","5,876",605,397,18,-,46,-
NYANDO,"73,976","14,207","42,861","13,863","1,632","1,266",59,2,86,-
Male,"37,454","7,322","21,670","6,830",788,766,33,1,44,-
Female,"36,521","6,885","21,190","7,033",844,500,26,1,42,-
NYAKACH,"72,050","13,556","40,825","14,569","1,526","1,357",49,1,167,-
Male,"36,813","6,826","20,825","7,457",766,826,27,1,85,-
Female,"35,237","6,730","20,000","7,112",760,531,22,-,82,-
HOMA BAY,"539,753","119,196","300,787","98,144","11,286","9,136",430,7,767,-
Male,"274,952","60,626","151,200","50,766","5,763","5,971",202,1,423,-
Female,"264,796","58,569","149,584","47,377","5,523","3,165",228,6,344,-
HOMA BAY,"54,222","11,315","28,712","10,772","1,647","1,645",44,1,86,-
Male,"27,015","5,772","14,090","5,333",763,987,18,-,52,-
Female,"27,207","5,543","14,622","5,439",884,658,26,1,34,-
NDHIWA,"105,309","26,161","60,141","16,181","1,541","1,110",53,-,122,-
Male,"53,904","13,218","30,413","8,596",818,767,22,-,70,-
Female,"51,403","12,942","29,727","7,585",723,343,31,-,52,-
RACHUONYO NORTH,"84,682","17,633","47,176","16,313","1,974","1,419",67,1,99,-
Male,"43,300","8,989","23,798","8,407","1,052",962,40,-,52,-
Female,"41,382","8,644","23,378","7,906",922,457,27,1,47,-
RACHUONYO EAST,"60,292","12,160","34,418","11,443","1,157",957,63,1,93,-
Male,"30,901","6,175","17,532","5,902",575,623,36,1,57,-
Female,"29,390","5,985","16,886","5,540",582,334,27,-,36,-
RACHUONYO SOUTH,"63,280","12,916","35,049","12,243","1,580","1,347",50,2,93,-
Male,"31,952","6,564","17,594","6,122",749,861,18,-,44,-
Female,"31,328","6,352","17,455","6,121",831,486,32,2,49,-
RANGWE,"57,746","12,796","32,618","10,246","1,108",838,36,2,102,-
Male,"29,547","6,664","16,400","5,257",588,571,17,-,50,-
Female,"28,197","6,132","16,216","4,989",520,267,19,2,52,-
SUBA NORTH,"56,957","12,846","31,028","10,607","1,327","1,026",46,-,77,-
Male,"28,966","6,457","15,559","5,530",684,671,19,-,46,-
Female,"27,991","6,389","15,469","5,077",643,355,27,-,31,-
SUBA SOUTH,"57,265","13,369","31,645","10,339",952,794,71,-,95,-
Male,"29,367","6,787","15,814","5,619",534,529,32,-,52,-
Female,"27,898","6,582","15,831","4,720",418,265,39,-,43,-
MIGORI,"522,757","115,908","301,799","85,903","9,432","8,476",503,24,711,1
Male,"265,417","58,670","151,180","44,734","4,723","5,422",262,9,416,1
Female,"257,326","57,234","150,612","41,168","4,708","3,054",240,15,295,-
AWENDO,"56,849","12,262","32,110","10,164","1,200","1,012",39,1,61,-
Male,"29,012","6,272","16,144","5,251",631,655,20,-,39,-
Female,"27,836","5,990","15,965","4,913",569,357,19,1,22,-
KURIA EAST,"44,090","8,581","27,840","6,590",540,433,46,-,60,-
Male,"22,712","4,423","14,065","3,574",285,306,23,-,36,-
Female,"21,375","4,157","13,774","3,015",255,127,23,-,24,-
KURIA WEST,"94,801","19,547","57,915","14,459","1,380","1,203",177,18,102,-
Male,"47,912","9,844","28,892","7,643",653,725,95,7,53,-
Female,"46,886","9,702","29,022","6,816",727,478,81,11,49,-
NYATIKE,"81,986","20,496","45,920","12,989","1,247","1,154",41,2,137,-
Male,"41,715","10,354","22,955","6,838",647,821,21,2,77,-
Female,"40,267","10,142","22,962","6,151",599,333,20,-,60,-
RONGO,"60,225","12,389","32,837","11,274","1,638","1,943",45,-,99,-
Male,"30,467","6,295","16,401","5,715",797,"1,183",20,-,56,-
Female,"29,757","6,094","16,435","5,559",841,760,25,-,43,-
SUNA EAST,"57,149","12,534","32,377","9,861","1,226","1,020",38,2,90,1
Male,"28,762","6,340","16,122","4,978",615,636,18,-,52,1
Female,"28,385","6,192","16,255","4,883",611,384,20,2,38,-
SUNA WEST,"58,786","14,183","32,714","9,424","1,325",987,58,1,94,-
Male,"29,543","7,118","16,275","4,824",616,616,35,-,59,-
Female,"29,243","7,065","16,439","4,600",709,371,23,1,35,-
URIRI,"68,871","15,916","40,086","11,142",876,724,59,-,68,-
Male,"35,294","8,024","20,326","5,911",479,480,30,-,44,-
Female,"33,577","7,892","19,760","5,231",397,244,29,-,24,-
KISII,"557,477","104,389","308,995","119,074","11,720","11,965",627,15,692,-
Male,"282,802","53,060","156,435","59,803","5,578","7,222",314,9,381,-
Female,"274,662","51,329","152,552","59,268","6,141","4,742",313,6,311,-
ETAGO,"39,960","8,225","22,843","7,810",485,495,50,1,51,-
Male,"20,355","4,139","11,539","4,046",254,324,22,-,31,-
Female,"19,604","4,086","11,304","3,764",231,170,28,1,20,-
GUCHA,"37,772","7,061","21,263","7,866",675,822,19,1,65,-
Male,"19,109","3,620","10,731","3,923",293,494,11,1,36,-
Female,"18,663","3,441","10,532","3,943",382,328,8,-,29,-
GUCHA SOUTH,"38,156","7,406","21,563","7,608",737,746,43,-,53,-
Male,"19,473","3,775","10,952","3,920",317,460,20,-,29,-
Female,"18,682","3,631","10,610","3,688",420,286,23,-,24,-
KENYENYA,"59,619","11,420","33,272","12,992",808,952,124,2,49,-
Male,"30,262","5,808","16,729","6,695",365,576,61,1,27,-
Female,"29,356","5,612","16,542","6,297",443,376,63,1,22,-
KISII CENTRAL,"68,085","11,882","35,362","15,136","2,765","2,822",40,-,78,-
Male,"34,485","6,067","17,917","7,419","1,331","1,683",20,-,48,-
Female,"33,599","5,815","17,445","7,717","1,433","1,139",20,-,30,-
KISII SOUTH,"59,783","11,234","34,235","11,998","1,194",953,105,-,64,-
Male,"30,077","5,693","17,196","6,012",542,542,59,-,33,-
Female,"29,702","5,541","17,035","5,986",652,411,46,-,31,-
KITUTU CENTRAL,"64,027","12,259","34,572","13,012","2,011","2,024",46,2,101,-
Male,"32,137","6,261","17,396","6,296",943,"1,159",25,1,56,-
Female,"31,889","5,998","17,176","6,715","1,068",865,21,1,45,-
MARANI,"47,285","8,460","27,394","10,078",660,628,25,-,40,-
Male,"24,220","4,258","14,072","5,109",343,404,15,-,19,-
Female,"23,064","4,202","13,321","4,969",317,224,10,-,21,-
MASABA SOUTH,"54,102","9,795","29,437","12,701","1,003","1,009",69,3,85,-
Male,"27,657","4,953","15,091","6,412",502,624,33,1,41,-
Female,"26,444","4,842","14,346","6,288",501,385,36,2,44,-
NYAMACHE,"58,975","11,306","32,124","13,433",888,"1,060",79,6,79,-
Male,"30,113","5,756","16,372","6,799",432,668,36,5,45,-
Female,"28,862","5,550","15,752","6,634",456,392,43,1,34,-
SAMETA,"29,713","5,341","16,930","6,440",494,454,27,-,27,-
Male,"14,914","2,730","8,440","3,172",256,288,12,-,16,-
Female,"14,797","2,611","8,489","3,267",238,166,15,-,11,-
NYAMIRA,"260,426","45,908","144,682","58,615","5,335","5,117",345,10,414,-
Male,"132,577","23,539","73,848","29,171","2,537","3,096",155,7,224,-
Female,"127,840","22,367","70,829","29,443","2,797","2,021",190,3,190,-
BORABU,"30,834","5,153","16,856","7,195",745,823,21,-,41,-
Male,"15,988","2,693","8,737","3,670",368,493,6,-,21,-
Female,"14,846","2,460","8,119","3,525",377,330,15,-,20,-
MANGA,"40,147","6,907","22,038","9,382",920,777,62,1,60,-
Male,"20,317","3,512","11,177","4,669",435,458,28,1,37,-
Female,"19,828","3,394","10,860","4,713",485,319,34,-,23,-
MASABA NORTH,"47,656","8,095","26,640","10,953",890,933,89,2,54,-
Male,"24,105","4,068","13,532","5,476",406,556,39,1,27,-
Female,"23,550","4,026","13,108","5,477",484,377,50,1,27,-
NYAMIRA NORTH,"73,889","13,427","41,591","16,023","1,365","1,235",127,2,119,-
Male,"37,652","6,920","21,314","7,870",667,752,58,2,69,-
Female,"36,233","6,507","20,275","8,152",697,483,69,-,50,-
NYAMIRA SOUTH,"67,900","12,326","37,557","15,062","1,415","1,349",46,5,140,-
Male,"34,515","6,346","19,088","7,486",661,837,24,3,70,-
Female,"33,383","5,980","18,467","7,576",754,512,22,2,70,-
NAIROBI CITY,"1,358,304","263,792","644,279","263,299","79,022","98,948","1,053","3,844","4,066",1
Male,"671,188","132,823","317,016","125,968","37,429","53,457",449,"1,859","2,186",1
Female,"687,064","130,960","327,240","137,325","41,590","45,481",604,"1,985","1,879",-
DAGORETTI,"133,970","27,662","65,884","26,628","7,493","5,824",95,4,380,-
Male,"65,978","13,875","32,399","12,643","3,575","3,225",46,3,212,-
Female,"67,984","13,785","33,482","13,985","3,917","2,597",49,1,168,-
EMBAKASI,"298,718","62,643","141,648","54,913","17,893","20,184",179,394,864,-
Male,"146,665","31,553","69,431","25,766","8,277","10,919",86,182,451,-
Female,"152,044","31,089","72,212","29,146","9,616","9,263",93,212,413,-
KAMUKUNJI,"76,129","13,504","37,164","14,744","3,762","3,858",234,"2,654",209,-
Male,"38,702","6,831","18,555","7,499","1,970","2,336",96,"1,285",130,-
Female,"37,427","6,673","18,609","7,245","1,792","1,522",138,"1,369",79,-
KASARANI,"246,064","48,702","115,737","47,027","15,038","18,730",102,22,706,-
Male,"121,382","24,605","56,693","22,502","6,898","10,260",41,14,369,-
Female,"124,669","24,096","59,036","24,524","8,140","8,467",61,8,337,-
KIBRA,"64,675","11,652","31,544","13,422","3,444","4,341",70,5,197,-
Male,"31,846","5,846","15,438","6,430","1,674","2,325",22,3,108,-
Female,"32,828","5,806","16,105","6,992","1,770","2,016",48,2,89,-
LANG'ATA,"63,974","9,786","26,330","12,524","3,717","11,132",55,164,266,-
Male,"31,677","4,965","13,110","6,040","1,712","5,608",26,76,140,-
Female,"32,294","4,820","13,219","6,484","2,005","5,524",29,88,125,-
MAKADARA,"55,981","10,454","26,042","11,340","3,911","4,046",36,6,146,-
Male,"27,872","5,292","12,846","5,415","1,927","2,287",17,6,82,-
Female,"28,105","5,162","13,194","5,925","1,982","1,759",19,-,64,-
MATHARE,"61,040","12,944","32,072","10,820","2,932","1,987",26,41,218,-
Male,"30,150","6,361","15,801","5,188","1,433","1,207",13,30,117,-
Female,"30,888","6,583","16,270","5,631","1,499",780,13,11,101,-
NJIRU,"205,700","41,876","102,375","41,503","10,135","9,286",72,8,444,1
Male,"101,161","21,133","50,407","19,666","4,673","5,015",33,4,229,1
Female,"104,534","20,740","51,967","21,836","5,462","4,271",39,4,215,-
STAREHE,"63,879","9,642","26,171","12,260","5,532","9,350",113,526,285,-
Male,"32,284","4,813","12,967","5,985","2,746","5,319",42,250,162,-
Female,"31,593","4,829","13,204","6,275","2,786","4,029",71,276,123,-
WESTLANDS,"88,174","14,927","39,312","18,118","5,165","10,210",71,20,351,-
Male,"43,471","7,549","19,369","8,834","2,544","4,956",27,6,186,-
Female,"44,698","7,377","19,942","9,282","2,621","5,253",44,14,165,-