"County/ Sub-County","Conventional Households","Pond(%)","Dam/Lake(%)","Stream/River","Protected Spring","Unprotected Spring","Protected Well","Unprotected  Well","Borehole/ Tube well","piped into  dwelling","Piped to yard/ Plot","Bottled water","Rain/ Harvested water","Water Vendor","Public tap/ Standpipe","Not Stated"
"KENYA",12043016,1.6,3.3,16.8,7.1,2.4,7,2.6,9.9,10.1,14.1,2.8,3.9,8.5,9.9,0
"Rural",7379282,2.4,4.9,25.8,10.5,3.7,9,4,11.8,5.1,7.8,0.3,5,3.3,6.4,0
"Urban",4663734,0.2,0.8,2.6,1.8,0.3,4,0.5,6.8,18.1,23.9,6.7,2,16.7,15.6,0
"MOMBASA",376295,0.1,0.2,0.1,1.2,0.1,4.6,0.4,5.2,7.2,5.2,11.4,0.3,43.5,20.5,0
"CHANGAMWE",46439,0,0,0.1,0.8,0.1,1.2,0.1,1.2,4,4.2,5.2,0.1,59.9,23.3,0
"JOMVU",53214,0.1,0.1,0.1,0.8,0.2,1.5,0.4,1.1,5.2,4.3,4.7,0.2,53.4,27.8,0
"KISAUNI",88159,0.2,0.3,0.2,2.2,0.1,4,0.8,8.2,11.8,9.2,10.5,0.3,21.6,30.7,0
"LIKONI",80002,0.1,0.3,0.2,0.7,0.4,11.6,0.5,6.7,4.1,2.4,4.9,0.5,60.7,7,0
"MVITA",38710,0,0,0,0.7,0,2.6,0.1,5,9.6,3.3,32.1,0.1,36.6,9.9,0.1
"NYALI",69771,0,0.1,0.1,1.6,0.1,3,0.1,5.7,7.4,5.9,17.8,0.1,36.7,21.5,0
"KWALE",172802,17.2,10.4,3.2,1.3,1.7,10.3,8.3,12.7,4.3,5.5,2.1,1.7,2.9,18.3,0
"KINANGO",16041,55.1,20.9,0.9,0.2,0.4,0,1,0.2,2.8,4.2,0.1,0.7,1.1,12.3,0
"LUNGALUNGA",37276,17.1,24.7,5.1,0.4,1.7,10.9,19.7,11.7,0.3,0.3,0.7,3.9,1.6,1.9,0
"MATUGA",39124,20.2,1.4,5.6,1.3,3.5,11.5,8.3,13.1,5.9,6.3,0.6,2.4,2.3,17.6,0
"MSAMBWENI",45374,0.7,0.5,0.6,1.5,1.5,20.1,7.3,27.4,6.2,4.5,6.7,0.5,4.3,18.1,0
"SAMBURU",34987,18,13.4,2.8,2.6,0.4,0.1,0.8,0,4.8,12.3,0.2,0.8,3.7,39.7,0.1
"KILIFI",297990,6,6.8,2.6,0.8,0.6,4.4,3.5,4,10.2,13.2,2,0.4,9.6,36,0
"CHONYI",11416,6,2.2,2.3,1.8,1.7,0.3,6.5,0.1,2.6,11.8,0,0.2,7.9,56.5,"-"
"GANZE",23197,24.7,19.4,1.4,0.6,0.9,0.1,1.7,0.3,3.5,9.4,0.3,0.8,2.1,34.7,0.1
"KALOLENI",36344,20.2,26.1,2.2,0.9,1.3,1.8,5.1,0.8,7.9,8.2,0.3,0.6,6.3,18.3,0
"KAUMA",3479,1.7,4.1,3,0.6,0.1,0.5,1.1,0.3,3.2,10.7,0.1,0.1,0.2,74.2,"-"
"KILIFI NORTH",39508,0.1,0,0.2,0.5,0.1,3,1.3,4.6,13.4,18.8,2.4,0.5,9.9,45,0
"KILIFI SOUTH",53011,1.6,0.5,0.4,0.6,0.3,14.4,2.1,9.5,6.7,9.3,6.8,0.4,12.6,34.9,0
"MAGARINI",32978,7.9,10.9,8.3,0.9,0.2,7.5,14.2,5.7,1.1,2,0.2,0.7,17.3,23.1,0
"MALINDI",73317,0.1,0.4,3.8,0.6,0.1,0.9,0.2,3.8,20.2,20.3,1.4,0.2,7.7,40.3,0
"RABAI",24740,2.1,7.4,2.4,1.1,1.9,1.7,3.3,0.5,9.1,18.2,0.2,0.3,11.6,40.3,0
"TANA RIVER",66984,2.6,9.8,19.5,1.1,0.5,9.8,7.5,22.1,2.9,7.8,0.4,0.1,5.1,10.8,0.1
"TANA DELTA",22395,1.4,3.5,17.4,1.2,0.3,14.8,6.9,30.8,3,5,0.3,0.2,3.8,11.4,0
"TANA NORTH",26119,3.8,13.6,21.2,1.3,0.9,1.7,5.6,21.7,2.1,9.6,0.5,0.1,8.5,9.4,0
"TANA RIVER",18470,2.3,12,19.5,0.8,0.1,15.2,11,12.1,3.8,8.7,0.4,0,1.9,12.1,0.1
"LAMU",34231,4.2,1.8,1.1,1.4,0.5,17.3,16.6,7,8.4,3.7,2.5,10.2,7,18.3,0
"LAMU EAST",4476,0.3,"-",1.9,0.2,0.3,9.3,11.5,3.3,0,0,0.5,68.5,1.6,2.6,"-"
"LAMU WEST",29755,4.8,2.1,1,1.5,0.6,18.5,17.4,7.5,9.7,4.2,2.8,1.4,7.8,20.6,0
"TAITA/TAVETA",94468,0.2,1.3,15.4,3.6,1.9,1.9,1,5.1,12,24.1,0.4,1.3,11.4,20.3,0
"MWATATE",23184,0.4,1.4,21.2,2.8,1.2,0.7,0.3,6.2,6.2,14.8,0.6,1.8,16,26.5,0
"TAITA",14985,0.5,1.8,38.1,4.4,5.1,0.5,1.3,1.4,10.8,15.1,0.2,2.9,1.9,16.1,0
"TAVETA",23417,0.1,1.5,13.8,4.8,2.1,6.2,1.9,9.6,13.2,25.4,0.2,0.1,6.5,14.7,0
"VOI",32882,0,0.9,2,2.8,0.7,0.3,0.9,3,15.9,33.8,0.5,1.2,16,21.9,0
"GARISSA",138940,12.6,17.9,8.8,0.9,0.5,2.4,3.4,26.3,3.4,8.6,0.5,0.4,3.1,11.2,0
"BALAMBALA",3986,11.4,13.5,47.5,1.5,1,4.3,8,2.6,0.7,5.6,0,0.3,3,0.6,"-"
"DADAAB",35169,3.7,9.1,0.7,1.7,0.7,1.4,0.7,58.4,2.7,5,0.7,0.3,1.4,13.5,0
"FAFI",23351,5.4,19.8,6.2,0.3,0.1,1.4,0.7,45.6,0.9,1.9,0.5,0.3,0.5,16.4,0
"GARISSA",29790,2.3,4.4,17.2,0.7,0.2,1.9,1,5.4,9.8,28.1,0.6,0.5,9.6,18.3,0.1
"HULUGHO",20078,64.5,32.1,0,0,0.1,0.6,1.4,0.1,0,0,0.5,0.5,0,"-",0
"IJARA",18296,3.6,37.3,17,1.5,1.3,4.4,11.3,2.5,3,6.2,0.3,0.5,2.6,8.3,0
"LAGDERA",8270,2.1,23.4,4.7,0.2,1.5,9.4,16.2,37.5,0.3,0.2,0.1,1.1,3.1,0.1,"-"
"WAJIR",126878,5.8,28,0.3,0.6,0.6,11.1,8.8,31.7,1.4,1.9,0.6,0.3,7.2,1.6,0
"BUNA",6480,1.6,58.7,0.2,1.1,0.7,2.7,6.6,6.5,0.6,1.7,0.1,2.5,16.1,0.9,"-"
"ELDAS",13862,5.1,32.4,0.7,1,1.3,6.1,5.8,28.5,1.2,1.2,0.4,0.2,13.1,3.1,"-"
"HABASWEIN",31113,1.4,7.3,0.4,0.4,0.3,1.5,0.7,73.9,3.5,4.9,0.4,0.1,2.4,2.7,0
"TARBAJ",9241,3.5,47.5,0.2,0.3,0.3,9.6,11.3,25.1,0.1,0,0.1,0.2,1.1,0.7,"-"
"WAJIR EAST",18282,1.5,2.1,0.4,1.8,1.4,49,25.5,9.4,0.6,0.7,2.5,0.2,3.6,1.4,0
"WAJIR NORTH",10478,31.1,57.8,0.2,0.4,0.2,0.4,3.7,4.8,0,0,0.4,0.6,0.4,0.3,"-"
"WAJIR SOUTH",21149,6,56.9,0.1,0.1,0.3,5.6,7.5,12,0.2,0.1,0.2,0.1,10.8,0.1,0
"WAJIR WEST",16273,5.7,13.1,0.3,0.4,0.5,9.5,12.5,35.7,1.6,3.1,0.4,0.1,15.4,1.8,"-"
"MANDERA",123954,12.6,22.6,7.7,0.6,0.3,6.8,4.1,21.3,1.1,2.3,0.4,0.9,16.7,2.6,0
"MANDERA WEST",14201,26.8,64.4,0.2,0.1,0,0.6,0.3,1.8,0.1,0.3,0.9,1.5,2.1,0.8,0
"BANISA",24000,38.7,35.9,2.7,0.1,0.1,0.3,0.6,5.2,0,0,0.1,2.3,13.7,0,0
"KOTULO",9342,0.5,12.4,0.4,0.5,0.6,2.5,5.2,75.7,0.5,0.2,0.1,0.1,0,1.2,"-"
"LAFEY",11380,4.3,20,4.5,0.3,0.6,3,1.2,52.1,1.6,1.2,0.4,0.2,6.2,4.4,"-"
"MANDERA CENTRAL",20795,1.5,13.8,0.2,0.5,0.5,30.5,14,34.4,0.7,0.3,0.2,0.3,2.4,0.6,0.1
"MANDERA EAST",25206,3.9,4.6,13.5,1.6,0.1,4.8,4.9,5.4,1.8,3.7,0.8,0.5,47.3,7,"-"
"MANDERA NORTH",19030,3.5,14.5,25.8,0.2,0,0.9,0.8,17.5,2.8,8.9,0.2,0.6,21.2,3.1,"-"
"MARSABIT",76689,1.2,15.7,1.7,1.4,0.9,9.1,18,23.2,0.7,1.2,0.6,2.9,16,7.3,0.1
"LOIYANGALANI",7646,0.4,15.9,5.7,7.6,3.4,7,19.6,16,1.3,4.5,0,1.2,0.4,16.9,"-"
"MARSABIT CENTRAL",15658,0,3.8,0.4,1.1,1.3,8,7.5,10,0.8,1.6,2,3.1,46.2,14.2,0
"MARSABIT NORTH",7468,0,9.3,0.4,0.4,0.2,14.5,7.6,40.3,0.1,1,0.2,9.6,10,6.5,"-"
"MARSABIT SOUTH",11563,0.8,5.3,5.6,0.2,0.3,5.6,26.8,44.2,1.9,2.2,0.3,2.6,1.2,2.9,0
"MOYALE",17591,2.6,28,0.2,0.1,0.2,10,9.4,22.2,0.3,0.1,0.4,2.9,22.8,1,0
"NORTH HORR",9601,0.8,1.5,1.4,0.8,1.1,15.7,59.8,7.2,0.2,0.1,0,0.1,0.4,10.6,0.4
"SOLOLO",7162,3.4,54.2,0.1,2.4,0.3,2.9,0.5,32.3,0.1,0.1,0.4,1.9,0.6,0.8,0
"ISIOLO",53217,0.6,3.1,17.7,1.2,1.9,3.9,8.5,12,6,27.2,0.7,0.5,3.9,12.7,0
"GARBATULLA",17047,0.6,5.3,25.6,1.4,5.4,9.5,16.5,13.4,2,7.3,0.1,0.7,1.1,11,0
"ISIOLO",27612,0.2,2,16.6,1.2,0.2,1,2.2,6.6,9.8,39,1.2,0.5,5.8,13.6,0
"MERTI",8558,1.5,2.3,5.6,0.5,0.7,2,13.1,26.7,2,28.8,0.1,0,3.5,13.2,"-"
"MERU",423931,0.3,0.2,21.5,2.4,1.9,2,1.4,7.5,17.9,24.6,0.8,1.4,11,6.8,0
"BUURI EAST",23737,0.1,0.1,3.8,2.1,0.6,1.2,0.8,7.5,18.7,29.4,0.7,2.2,17.8,15,0
"BUURI WEST",27905,0.1,0.3,14.7,2.8,0.9,1.2,0.5,2.3,21.8,37.5,0.5,2.2,7.6,7.5,0
"IGEMBE CENTRAL",51848,0.3,0.3,19.9,2.5,3,1.6,1.3,21.1,6.9,9.9,0.9,1.1,22.5,8.6,0
"IGEMBE NORTH",38716,0.3,0,0.8,1,0.6,1.1,0.9,16.5,3.7,3.2,1.5,8.2,55.1,6.9,0
"IGEMBE SOUTH",43222,0.4,0.4,38.6,3.1,5.1,2.5,2.4,2.7,12.3,20.1,0.9,0.8,3.8,6.7,0.1
"IMENTI NORTH",57556,0.1,0.1,15.1,2.3,1.1,1,0.8,1.6,30.1,40.7,0.7,0.2,1.8,4.4,0
"IMENTI SOUTH",63954,0.2,0.2,17,1.3,1,0.5,0.8,1.3,30.2,40.5,1.2,0.5,0.8,4.5,0
"MERU CENTRAL",39498,0.2,0.3,25.6,2.3,1.3,0.7,1.7,2.2,28.2,32.2,0.5,0.6,1.1,3.1,0
"TIGANIA CENTRAL",24983,1.2,0.3,49.2,1.4,2.8,0.8,2.7,0.4,15.9,19.9,0.5,0.2,0.7,3.8,0
"TIGANIA EAST",16791,0.7,0.7,34.7,3.9,1.4,3.5,2.9,10.7,8.3,11.1,1.2,0.3,6.8,13.6,0.1
"TIGANIA WEST",35402,0.4,0.4,30.2,5.2,3,10,2,18.1,5.3,8.1,0.4,0.2,6.9,9.7,0
"MERU NATIONAL PARK",46,"-","-","-",8.7,"-","-","- ","-",91.3,"-","-","-","-","-","-"
"MT. KENYA FOREST",273,1.1,0.4,73.6,0.4,1.5,"-",0.7,2.6,4.4,9.5,"-","-","-",5.9,"-"
"THARAKA-NITHI",109450,0.4,0.1,34.6,0.6,1,3,3.1,5.1,18.8,24.1,0.3,0.3,1.8,6.9,0
"IGAMBANG'OMBE",14383,0.4,0.2,65.6,0.4,2,1,2.1,1.7,10.2,11.4,0.3,0.3,2.3,2.1,0
"MAARA",34779,0.3,0,17.3,0.8,0.8,1.8,0.4,0.9,29.1,36.4,0.3,0.3,1.6,9.9,0
"MERU SOUTH",28211,0.4,0,18.3,0.7,0.8,7.5,1.8,3.7,25.1,35.5,0.5,0.3,1.1,4.1,0
"THARAKA NORTH",13403,1.3,0.2,68,0.2,1.1,1.2,9.1,6.2,1,1.6,0,0,0.1,10,0.1
"THARAKA SOUTH",18603,0.1,0.1,43.5,0.3,0.6,1.3,6.6,16.6,9.4,9.7,0.3,0.4,4.3,6.8,0
"MT. KENYA FOREST",71,"-","-","-","-","-","-","- ","-",5.6,71.8,"-","-","-",22.5,"-"
"EMBU",182427,0.7,3,20.1,0.5,0.9,3,3,5.5,20.7,28.6,0.2,1.3,4.5,8.1,0
"EMBU EAST",39586,0.7,0.1,26.4,1,1.1,8.4,3.1,4.6,21.2,23.5,0.1,0.5,1.8,7.4,"-"
"EMBU NORTH",24294,0.1,0,7.4,0,0.2,0.2,0.2,0.2,30,52.6,0,0.3,0.2,8.5,0
"EMBU WEST",43126,0.5,0.1,6.8,0.6,0.5,1.3,1.3,1.1,34.2,43.1,0.4,0.2,2.7,7.3,0
"MBEERE SOUTH",45924,1.1,10.9,29.2,0.2,0.7,2.2,4.4,14.7,6.9,11.8,0.2,3.1,9.2,5.3,0
"MBEERE NORTH",29483,0.7,1,27.4,0.8,2.1,1.6,5.4,2.9,14,20.8,0.1,1.7,7,14.5,0
"MT. KENYA FOREST",14,"-","-","-","-","-","-","- ","-",35.7,64.3,"-","-","-","-","-"
"KITUI",261814,0.7,5.5,42.3,0.9,0.8,6.7,6.2,13.2,2.8,2.3,0.9,2.4,5.9,9.3,0
"IKUTHA",16579,0.4,6.1,47.8,0.2,0.7,6.1,10.4,22.1,0.1,0,0.4,0.8,4.5,0.3,0
"KATULANI",12166,0.1,0.2,80.4,0.2,0.1,3.8,0.7,4.2,1.4,0.6,0.6,3.5,2,2,"-"
"KISASI",10860,0.5,4.8,55,0.7,0.3,11,5.1,11,0.2,0.2,0.3,1.6,6.1,3,0
"KITUI CENTRAL",29026,0.8,0.4,31.6,1.2,1.1,6.2,5.3,5.6,9.6,7.4,3.6,2.6,10.3,14.4,0
"KITUI WEST",17465,0.7,5.1,15.1,1.6,1.4,4.8,3.5,26,4.5,3,1.2,7.1,8.4,17.6,"-"
"KYUSO",15969,2.2,8.3,36.3,1.2,1.1,15,8.6,12,1.2,1.2,0.4,1,1.9,9.5,0
"LOWER YATTA",15021,0.2,3.3,48.4,0.7,0.9,4.2,2.3,23.5,1.9,1.4,0.7,0.9,4,7.3,0
"MATINYANI",11497,0.1,2.5,52.5,0.9,0.8,3.3,4.7,4.1,4.7,3.9,0.3,3.1,5.4,14,"-"
"MIGWANI",18843,0.5,14.9,29.8,0.2,0.4,5.4,3.3,18.3,2.5,2.5,0.4,7.3,3.3,11.2,0
"MUMONI",6451,0,3.5,68.1,0.1,0,3.3,3.4,0.8,1.3,0.6,0,0.7,1.8,16.3,0
"MUTITU",11490,1.1,1.6,57.3,0.5,0.4,8.6,6.7,8.1,1.2,1.7,0.1,0.4,2.4,9.8,0.1
"MUTITU NORTH",4929,0.9,0.1,27.8,0.5,2.7,12.6,10.2,19.1,1.3,1.2,0.4,1.1,3.5,18.5,0
"MUTOMO",23034,0.7,18.2,41.6,1.4,0.7,3.6,5.5,14.6,0.2,0.6,0.9,2.3,6.9,2.8,0
"MWINGI CENTRAL",26745,1.4,4.8,40.8,0.6,0.8,2.8,4.5,6.1,5.5,4.2,0.7,1.2,11.4,15.3,0
"MWINGI EAST",18725,0.3,2.3,40.1,2.3,0.9,5.5,7.6,22.3,0.6,0.5,0.2,0.8,7.1,9.4,0
"NZAMBANI",11276,0.6,1.9,39.3,1,0.9,16.5,10.5,13.6,1.5,1.7,0.9,3.7,4.8,3,"-"
"THAGICU",3289,1.2,0.6,62.9,0.1,0.2,0.3,27.8,0.7,0,0.5,0.1,0.2,0.8,4.6,"-"
"TSEIKURU",8449,0.4,5.7,43.9,0.6,0.6,16.6,15.4,12.5,0.7,0.2,0.4,0.4,0.8,1.9,"-"
"MACHAKOS",399523,0.8,3.9,13.6,3.5,4.1,5.5,4.4,23.2,3.4,3.1,5.7,5.1,16.8,7.1,0
"ATHI RIVER",109723,0.3,0.4,0.4,0.4,0.3,1.5,0.2,17.4,5.3,4.5,14.1,4,42.2,9,0.1
"KALAMA",14137,1.2,16.6,19.2,5.3,7.9,3.5,6.7,13.9,0.2,0.7,1.1,16.5,6.5,0.5,0
"KANGUNDO",26115,1.8,0.3,6,13.4,7.8,12.7,5.5,25.4,1.7,1.1,0.7,8.1,7.5,8,0
"KATHIANI",28730,1.2,4.4,11.9,10.3,17.1,7.3,15.8,19.3,1.2,1.6,0.5,5.7,2.2,1.4,0
"MACHAKOS",50753,0.7,2.1,5.4,3.3,7,8.5,3.5,24.1,4.5,5.6,8.4,6.5,13.3,7,0
"MASINGA",36196,1.3,10.8,26.2,2.1,3.4,3.8,5.9,13.8,4.5,3.5,0.7,2.3,4.2,17.6,0
"MATUNGULU",44399,1,1.4,3.7,5.6,4.8,12.4,8.6,34.3,3.6,3.2,2.4,4.5,8.4,6,0
"MWALA",45809,0.4,8.4,39.4,1.1,0.7,2.3,1.7,32.2,0.9,0.6,0.8,5.3,2.5,3.6,0
"YATTA",43661,1.3,4.2,32.5,1.6,1.8,5.1,4.2,28.3,1.8,1.7,1.7,2.8,9.2,3.7,0
"MAKUENI",243979,0.6,2.7,29.1,2.6,5.5,5.9,7.3,11.8,3,3.7,1.5,5.9,10.6,9.8,0
"KATHONZWENI",18362,0.3,4.6,38.6,0.3,0.4,10.7,5.2,20.5,1.1,1.3,1.4,2.5,4.2,9,0
"KIBWEZI",47594,0.2,0.6,16.6,1.4,1.5,7.9,2.7,13.2,4.2,5.4,1.1,1.7,18.4,25.1,0
"KILUNGU",14563,1.1,0.3,24.3,8.5,17.2,8.4,24.4,1.6,0.4,0.4,0.4,11,1.2,0.6,0
"MAKINDU",21662,0.5,1.1,9.6,2.6,0.2,6.8,1.9,10.4,7.1,7.9,2.1,1.7,29.3,18.8,0
"MAKUENI",34352,1.2,2.6,35.4,0.9,4,5.3,7.6,13.4,2.6,2.6,4.7,8.9,6.7,4.2,0
"MBOONI EAST",23724,0.3,7.8,60.4,1.6,4.4,1.9,5.3,6.2,1,0.7,0.6,6.3,1.9,1.6,0
"MBOONI WEST",24807,0.7,2.6,25.1,8,22.9,6,17.4,2,1,0.8,0.4,6.6,5.8,0.8,0
"MUKAA",28109,1,6.4,15.5,0.9,3.1,3.8,6.3,20.9,3.4,4.2,0.6,14.9,10.4,8.5,0
"NZAUI",30806,0.5,0.3,43.4,2.6,3.4,3.9,5.4,12,4.2,6.4,0.8,2.7,8.4,6,0
"NYANDARUA",178224,0.5,2.6,11.3,1.6,1.2,20.4,4,5.4,8.8,18.8,0.3,19,2.8,3.3,0
"KINANGOP",30847,0.2,0.3,3,1.5,0.9,31.8,3.1,9.4,4.1,11.2,0.6,27,4.2,2.7,0
"NYANDARUA SOUTH",25650,0,0.2,6.9,0.9,0.1,1.2,0.2,2.8,22.5,41.2,0.1,17.3,1.1,5.4,0
"MIRANGINE",17880,0.8,2.4,11.6,4,3.4,48.5,6.6,7.1,1.5,3.6,0.1,8.1,1.2,1,0
"KIPIPIRI",25077,0.4,0.8,22.4,0.9,0.4,6.1,1.1,2.1,12.6,26.1,0.1,22.2,1.3,3.5,0
"NYANDARUA CENTRAL",21852,0.9,4,11.3,2.1,1,16.4,3.9,5.4,6.8,14.4,1,22.6,5.9,4.3,0
"NYANDARUA WEST",29003,0.1,1.9,8.8,1,1.7,29.3,10.1,5.4,6.6,17.5,0.3,11.8,2.5,3,0
"NYANDARUA NORTH",27906,1.2,8.7,16.6,1.8,1.7,13.8,3.3,5.3,6.4,14.8,0.1,20.3,3.3,2.7,0
"ABERDARE NATIONAL PARK",9,"-","-","-","-","-","-","- ","-","-",100,"-","-","-","-","-"
"NYERI",244564,0.2,0.3,13.4,0.5,0.4,2.2,1.1,1,24.1,40.2,0.2,8.9,2.2,5.3,0
"TETU",24122,0.1,0.1,9.9,0.3,0.1,1.1,0.3,0.7,27.4,42,0.1,9.3,0.7,8,0
"KIENI EAST",36751,0,0.1,9.1,0.4,0.3,0.1,0.2,0.9,18.3,60.2,0.4,3,2.4,4.4,0
"KIENI WEST",27530,0.1,0.5,14,0.6,0.1,0.1,0.1,0.6,21.3,40.7,0.1,10.2,6.2,5.3,0
"MATHIRA EAST",33945,0.4,0.2,21.7,0.6,1.1,8.2,2.1,2.4,21.4,30.1,0.3,6.9,1.2,3.5,0
"MATHIRA WEST",18892,0.8,1,17.5,0.9,1,7.2,5.8,1.6,11,28,0.2,20,4.1,1,0
"NYERI SOUTH",28103,0.1,0.2,14.1,0.4,0.3,1.7,0.4,1,21.8,37.2,0,14.9,0.2,7.7,0
"MUKURWE-INI",27036,0.6,0.8,27.4,0.4,0.8,1.6,1.8,1.2,21.5,19.2,0,17.7,0.4,6.5,0
"NYERI CENTRAL",48036,0,0,2.2,0.7,0,0,0,0.1,38.2,49,0.2,1.2,2.5,5.8,0
"MT. KENYA FOREST",101,"-","-",31.7,1,"-","-",5.9,3,31.7,26.7,"-","-","-","-","-"
"ABERDARE FOREST",48,"-","-","-","-","-","-","- ","-",8.3,66.7,"-",25,"-","-","-"
"KIRINYAGA",203576,0.1,0.1,27.8,1.4,1,7.4,1.3,3.7,17.2,30,1,1.3,1.9,5.9,0
"KIRINYAGA CENTRAL",40149,0.1,0,15.8,1.7,0.7,13.7,0.7,4.7,21.2,35.3,0.5,0.5,0.5,4.5,0
"KIRINYAGA EAST",44509,0.1,0,17.8,1.3,0.7,2.5,0.6,1.5,27.8,38.4,0.2,0.3,1.1,7.5,0
"KIRINYAGA WEST",37951,0.1,0.1,26.6,1.4,1.8,9.6,1.8,1.9,14.8,28.9,0.6,4.3,2.4,5.6,0
"MWEA EAST",46331,0.1,0.1,33.2,1.3,0.8,4.5,1.5,6.3,12.2,27.5,2.5,0.5,3.5,6.3,0
"MWEA WEST",34613,0.1,0.1,48.4,1.1,0.8,8.1,1.9,3.6,8.4,17.6,1.2,1.2,1.9,5.5,0
"MT. KENYA FOREST",23,"-","-",34.8,"-","-","-","- ","-",34.8,4.3,"-",4.3,"-",21.7,"-"
"MURANG'A",317496,0.5,0.4,25.1,1.6,1.6,7.9,2.2,6.2,16.7,20.7,0.4,7.6,4.1,5,0
"MURANG'A EAST",34650,0.2,0.1,21.4,1.4,1.3,2.9,3.1,1.9,29.9,23.8,0.1,6.5,1.1,6.2,0
"KANGEMA",25283,0.1,0.2,24.2,1.7,1,0.9,0.3,0.9,24.1,25.6,0,13.8,0.3,7,"-"
"MATHIOYA",28372,0.1,0.1,32.1,1.6,1.4,6.3,1.6,2.3,14,23.7,0.1,13.1,0.2,3.5,0
"KAHURO",26778,0.3,0,39.9,1.9,1.3,5.3,2.5,2.4,11.8,18.4,0.1,14.5,0.9,0.8,0
"MURANG'A SOUTH",55878,0.6,0.6,21.8,1.9,3,16.4,4.4,10.9,9.2,10.9,1.5,5.1,9.7,3.9,0
"GATANGA",55340,1.2,1.2,18.8,2,2.2,8.1,1.8,11.6,13.7,19.8,0.3,5.8,4.9,8.4,0
"KIGUMO",40528,0.2,0.4,24.6,0.8,1,5.3,2.3,3.1,20.6,30.1,0.1,5.2,1.8,4.6,0
"KANDARA",50657,0.3,0.1,27,1.3,0.9,9.6,1,7.2,16.8,19.8,0.3,5.1,6.6,4,0
"ABERDARE FOREST",10,"-","-","-","-","-","-","- ","-",20,70,"-",10,"-","-","-"
"KIAMBU",792333,0.2,0.3,4.2,0.6,0.2,8.9,0.3,10.3,22.8,30.2,3.6,1.6,8.8,8,0
"GATUNDU NORTH",31452,0.1,0.1,11.4,0.4,0.2,5.3,0.2,7.6,20,43.4,0.1,2.9,1.2,7,0
"GATUNDU SOUTH",35577,0.1,0.3,16.6,0.6,0.3,5.4,0.2,6.7,20.1,30.8,0.4,3.2,1.2,13.9,0
"GITHUNGURI",49414,0.1,0.4,10.8,0.7,0.2,35.4,0.6,19.7,12.3,11.2,0.4,1.7,4,2.5,0
"JUJA",104042,0.3,0.2,4,0.5,0,1.6,0.1,7.1,28.7,32.8,2.6,1.8,10.3,9.8,0
"KABETE",66681,0,0.2,1.9,0.7,0.3,19.5,0.6,15.9,16.4,22.5,5.2,1,12.3,3.4,0
"KIAMBAA",80316,0.1,0.2,2.6,0.7,0.3,18.7,0.3,19.7,16,16.5,7.5,0.6,10.2,6.5,0
"KIAMBU",46816,0.2,1.5,3.7,0.8,0.4,7.1,0.3,12.4,26.6,23.3,5.8,0.8,6.1,10.9,0.1
"KIKUYU",60619,0,0,0.6,0.3,0,0.4,0.1,10.2,28.2,32.5,6.3,1.5,11.5,8.4,0
"LARI",38585,0.4,0.7,12.4,1.1,0.8,33.5,1.3,11.6,10.6,15.9,0.6,3.7,3.6,3.9,0
"LIMURU",49096,0,0.2,2.3,0.5,0,3.6,0.1,8.2,19.5,41.4,0.6,3,13.6,7,0
"RUIRU",127910,0,0.1,0.5,0.4,0,0.6,0.1,8.7,24.1,34,5.5,1.3,14.8,9.8,0
"THIKA EAST",12736,2.5,0.4,11.6,2.9,3.9,2.9,2.1,6.3,16.6,27.6,1.2,4.1,10.3,7.5,0
"THIKA WEST",89089,0,0.1,1.1,0.5,0.1,0.2,0,0.6,35.2,48,1.6,0.1,2.3,10,0
"TURKANA",162627,0.7,5.1,30,1.2,1.4,3.3,11.7,13.2,2.5,6.5,0.1,0.2,2.9,21.2,0.1
"KIBISH",5699,0.8,6.4,22.7,3.1,10.2,1.8,17.1,18.3,0.6,1.4,0,1.5,0,16.1,"-"
"LOIMA",19139,0.3,2.2,41.7,0.4,1.2,4.3,19.8,12.3,0.9,1.1,0,0.4,0.2,15.2,0.1
"TURKANA CENTRAL",37917,0.2,6.7,20.3,0.9,1,3.2,9.8,7.5,6.6,17.2,0.2,0,6.6,19.8,0
"TURKANA EAST",17887,0.7,5.2,56.2,1.3,1.7,2.4,15.4,3.7,1.1,3.8,0,0.1,1,7.4,0.1
"TURKANA NORTH",12964,0.6,13.4,31.2,1.2,1.4,4.2,14.2,21.1,1.2,2.1,0,0.1,0.4,8.9,0
"TURKANA SOUTH",24281,1.2,2.5,18.6,1.1,1.1,4.5,12.1,23.7,1.4,4.7,0,0.2,3.6,25.1,0.1
"TURKANA WEST",44740,0.9,3.8,29.6,1.7,0.9,2.4,6.8,13.5,1.3,3.8,0.1,0.1,2.5,32.5,0.1
"WEST POKOT",115761,1.3,2.8,59.5,2.9,2.2,4.4,2.2,11.5,3.4,5.1,0.2,0.6,0.6,3.1,0
"KIPKOMO",18367,0.7,1.8,63.3,3,3.1,2.3,2.7,6.1,5.6,8.2,0.1,0.3,0.1,2.7,"-"
"POKOT CENTRAL",21784,0.9,4.1,62.8,2.8,3.3,1,1.1,3.5,5.6,6.6,0.2,0.3,0.4,7.4,0
"POKOT NORTH",25736,3.7,4.6,49.3,1,2.3,0.7,5.5,30.2,0.5,0.1,0.1,0.6,0.1,1.2,0.1
"POKOT SOUTH",13752,0.1,0.2,66,3.1,2.2,0.5,0.2,0.1,7,17,0,0.2,0.1,3.4,"-"
"WEST POKOT",36122,0.7,2.4,60.4,4.2,1.1,11.5,1.1,10.2,1.6,1.7,0.3,1.2,1.5,2,0
"SAMBURU",63951,2.2,7.9,35,1.5,2.3,4.2,12.9,15.8,2,4.9,0.7,1.5,3.1,6.1,0
"SAMBURU CENTRAL",33720,3,8.9,33.1,1.9,3.4,3,10,14,2.8,5.9,0.9,2.7,3.7,6.6,0
"SAMBURU EAST",17307,0.1,6.4,36.8,1,1.1,5,11.9,25.8,1.2,4.2,0.5,0.2,2.3,3.4,"-"
"SAMBURU NORTH",12924,3,7.1,37.6,1,0.8,6.4,21.8,7,0.7,3.3,0.3,0.2,2.4,8.3,0
"TRANS NZOIA",222989,1,0.3,15,15.5,2.5,22.7,2.9,16.3,5.3,7.4,0.3,0.8,2.7,7.4,0
"TRANS NZOIA WEST",47576,0.6,0.2,10.4,21.3,3.2,11.6,1.4,8.7,7.5,13.9,0.3,0.2,4.9,15.8,0
"TRANS NZOIA EAST",49955,1.2,0.2,23.4,8.4,2.9,30.4,2.8,19.7,2.5,3.4,0.2,1.2,1.4,2.3,0
"KWANZA",45599,1,0.3,10.5,10.1,2.5,31.3,5.1,19,4.7,5.5,0.2,1.2,2.9,5.5,0
"ENDEBESS",23246,1.3,0.4,38.6,10.7,2,12.4,4,13.2,2.4,4.8,0.1,0.8,0.5,8.8,0
"KIMININI",56613,0.9,0.4,5.5,23,1.8,22.7,1.9,18.7,7.7,7.9,0.4,0.7,2.6,5.8,0
"UASIN GISHU",301110,0.8,0.4,5.1,2.5,1.5,23.4,7.4,14.9,13.2,16.5,0.8,1.3,2.7,9.4,0
"AINABKOI",34862,0.2,1,7.2,0.9,1.4,25.2,6.8,10.8,16.9,18.7,0.8,1.9,1.5,6.6,0
"KAPSERET",59678,0.2,0.1,1,1.2,0.5,20.1,3.5,12.7,15.3,22.7,1.3,0.7,7.3,13.4,0
"KESSES",34623,0.7,0.2,5.1,2,1.4,38,18.6,15.7,5.2,4.4,0.7,3.1,1,3.8,0
"MOIBEN",46602,1.7,0.7,9.3,2.1,0.8,15.2,5.2,12.6,19.6,20.8,0.6,1,0.5,9.8,0
"SOY",53758,1.4,0.2,5.6,3.4,1.9,30.7,10.4,24.1,4.9,7.8,0.5,0.8,1.7,6.6,0
"TURBO",71587,0.6,0.3,4.5,4.3,2.6,18.1,4.7,13.1,15.3,20,1,1.3,2.3,11.9,0
"ELGEYO/MARAKWET",99119,0.8,0.4,48.8,2.7,2.9,10.6,3.6,5.1,5.6,13,0.2,1,0.3,4.9,0
"KEIYO NORTH",21749,0.9,0.4,25.2,4.2,2.3,15.8,7.5,10.1,7,15.9,0.4,1.5,0.3,8.4,0
"KEIYO SOUTH",26740,0.4,0.4,39.1,1.7,1.7,24.1,4.3,9,4.5,10.3,0.4,1.1,0.5,2.3,0
"MARAKWET EAST",21123,0.6,0.3,77.4,2,4,0.6,0.8,0.1,3.3,8,0,0.3,0,2.5,0
"MARAKWET WEST",29507,1.2,0.3,54.5,2.8,3.7,1.6,2.2,1.4,7.3,17.1,0.1,1.1,0.3,6.5,0
"NANDI",199040,1.1,1.3,37.2,9.3,10.2,12.6,3.9,6.9,4.9,7.3,0.2,1.4,0.6,3.2,0
"CHESUMEI",39011,1.1,0.2,29.1,10,9.9,19,3.6,8.9,5.4,7.8,0.3,1.3,1,2.5,0
"NANDI CENTRAL",34247,0.5,0.5,33,9.1,7,13.9,6.8,9.8,5.6,8.2,0.2,1.5,0.8,3.2,0
"NANDI EAST",29249,0.9,6.3,23.4,7.2,5.6,15.5,5,7.6,6.6,12.8,0.7,1.2,0.2,7.2,0
"NANDI NORTH",35257,1.9,0.3,41.7,7.9,8.9,18.5,4.3,10.1,1.8,2.4,0.1,0.6,0.5,1,0
"NANDI SOUTH",37038,0.8,0.4,46.1,15.4,20.2,4.2,2,2,2.1,2.3,0.2,2.6,0.7,1.1,0
"TINDERET",24238,1.3,0.9,53,3.6,7.1,1,1.2,1.6,9.9,13.8,0.1,0.8,0.1,5.6,0
"BARINGO",141877,2.2,10.4,46.5,1.6,1.9,3.2,1.2,10.1,3.6,9.1,0.3,3.4,3.2,3.4,0
"BARINGO CENTRAL",23523,1,2.4,49.1,2.6,2.8,0.5,0.3,3.6,8.1,20.8,0.3,4.1,1,3.6,0
"BARINGO NORTH",23345,1.6,8.1,68.7,2.2,3.3,0.7,0.4,7,0.8,1.6,0.2,3.3,0.9,1.4,0
"EAST POKOT",14392,8.1,11,65.7,0.7,1.4,1.6,1.5,6.3,0.4,0.4,0,0.6,2,0.3,"-"
"KOIBATEK",30752,0.2,1.8,29.2,1.4,1.2,11.5,1.8,6.7,7.4,20.5,0.9,5.1,4.2,8.2,0
"MARIGAT",19658,0.5,7.8,49.5,1.1,1.5,1.3,1.1,20.5,1.1,2.3,0.3,0.8,8.7,3.5,0
"MOGOTIO",18169,5.6,13.6,36.3,0.9,0.6,1,0.9,22.3,2.4,4,0.3,6.6,4.1,1.3,"-"
"TIATY EAST",12038,2.1,51.3,29.9,1.9,2.1,0.3,2.9,6.6,0.2,0.5,0,0.4,0.3,1.6,0
"LAIKIPIA",145776,0.8,5.7,20.8,1.2,1.7,8.7,2.7,10.3,12.5,19.7,0.4,5.8,3,6.5,0
"LAIKIPIA CENTRAL",29877,0.1,0.7,17.5,0.2,0.2,2.9,0.4,15.5,13.9,28.8,0.5,7.2,4.3,7.8,0
"LAIKIPIA EAST",31311,0.3,2,25.2,0.4,0.1,0.2,0.1,6.4,23.6,27.4,0.5,4.6,2,7.3,0
"LAIKIPIA NORTH",7694,1,18.3,23.5,1.4,7.2,3.7,16.5,19.8,0.4,1.9,0.1,1.2,0.8,4.2,0
"LAIKIPIA WEST",32821,2.1,15.4,25.1,1.8,2.2,5.7,3.1,13.6,2.8,11.1,0.3,7.2,4.4,5.3,0
"NYAHURURU",44073,0.7,2.3,16.4,1.8,2.6,21.8,3.6,5.5,13,17.6,0.5,5.6,2.3,6.3,0
"NAKURU",598237,0.3,1.3,12,1.4,1.6,6.7,1,10.4,9.4,18.1,3.6,13.4,12.3,8.6,0
"GILGIL",49405,0.7,1.7,8.7,1.9,0.6,0.6,0.4,7.6,12,21.4,2.5,22.1,9.3,10.7,0
"KURESOI NORTH",40168,1,2.9,31.9,4.2,5.2,29.1,3.2,14.2,0.8,0.8,0.2,3.7,1.7,1.1,0
"KURESOI SOUTH",34543,0.7,0.3,37.6,3.3,8.6,19.7,4.6,16.6,0.3,0.7,0.3,5.7,0.7,0.7,0
"MOLO",41439,0.4,0.9,21.8,2.2,1.5,16.4,1.7,6.9,5.3,14.8,0.6,9.3,9.9,8.4,0
"NAIVASHA",111493,0.1,1.6,1.3,0.9,0.5,1.7,0.2,14.6,4.6,12.9,8.6,14.2,29.5,9.2,0
"NAKURU EAST",60066,0,0,0,0.1,0,0.1,0,5.4,29.1,30.6,9.7,6,8.7,10.3,0
"NAKURU NORTH",61582,0.1,0.6,4,0.3,0.2,2.2,0.2,8.4,17,21.4,2,25.9,9.9,7.7,0
"NAKURU WEST",64429,0,0.3,0.3,0.9,0,1,0,5.3,14.5,48.9,2.9,1.9,7.9,16,0
"NJORO",61156,0.7,1.4,18.9,2,3.2,9.4,2.1,13.1,3.7,6.5,0.5,19,10.4,9,0
"RONGAI",52248,0.1,3.2,18.4,0.5,0.4,1.4,0.3,11.6,4.4,14.1,1.6,23,14.3,6.6,0
"SUBUKIA",21708,0.2,0.6,32.7,2.7,2.2,17.5,1.6,10.6,4.5,9.3,0.5,7.7,4.1,5.7,0
"NAROK",238115,5.6,7.2,41.3,5.6,6.4,4.3,2.9,4.5,1.5,3.1,1.7,5.6,6.3,3.8,0
"NAROK EAST",24860,11.5,17.7,30.4,1.5,1.1,1.5,2.9,7.2,0.6,0.7,2.1,8.3,11.3,3.1,0
"NAROK NORTH",59802,0.6,1.6,35.4,1.6,1.6,8.2,1.5,6.9,4.1,9.3,4.2,4.1,16.7,4.2,0
"NAROK SOUTH",46549,4.6,4.5,56.1,3.9,6.7,3.3,3.3,3.7,0.8,1.6,0.9,4.4,2,4,0
"NAROK WEST",37782,4.2,7,35.1,14.2,14.1,5,4.6,4.6,0.5,1.1,0.6,5,1.3,2.8,0
"TRANS MARA EAST",20439,26.9,28.2,11,4.3,2,1.5,3.2,1.9,0.2,0.3,0.1,12.5,0.2,7.7,0
"TRANS MARA WEST",48683,2,2.9,57.2,8.3,10.8,2.3,2.8,2.2,0.6,1.1,0.9,4.9,1.4,2.6,0
"MAU FOREST","-","-","#DIV/0!","-","-","-","-","- ","-","-","-","-","-","-","-","-"
"KAJIADO",313218,0.5,2.9,5.2,2,0.8,2,0.8,22.3,7.9,10.1,11.9,1.6,23.3,8.6,0
"ISINYA",71395,0.2,0.8,0.4,1.7,0.1,0.7,0.2,22,5.8,5.4,11.8,1.5,45,4.4,0.1
"KAJIADO CENTRAL",37059,1.1,3.5,5.2,2.5,1.1,1.9,2.4,45.6,1.8,3.6,4.2,1.7,20.6,4.5,0
"KAJIADO NORTH",100908,0,0.2,0.2,0.8,0.1,0.7,0,13.9,12.4,15.4,25,1.7,19.1,10.4,0
"KAJIADO WEST",42367,2,14.4,8.9,1.7,2.1,2.8,1.2,21.6,8,9.7,3.6,2.5,13.5,8,0
"LOITOKITOK",45581,0.1,1.2,20.1,4.9,1.8,6,1.9,21.4,6.1,9.4,0.8,0.5,12.2,13.8,0
"MASHUURU",15908,0.5,3.1,5.2,3.1,0.9,3.2,1.3,27.6,8.6,16,1.2,1.1,16,12.3,0
"KERICHO",205932,0.8,0.9,42.3,7.4,5,6.2,2,4,9.1,10.1,0.2,3.9,2.1,5.8,0
"BELGUT",34978,0.1,0.5,43.2,12.7,7.4,4.8,0.7,2.3,14.7,5.4,0.1,3.3,1.7,3,0
"BURETI",43098,0.7,0.6,50.5,7.4,6.4,4.5,1.2,4.2,5.6,9.1,0.3,5.2,0.4,3.9,0
"KERICHO EAST",44246,0.4,0.3,26.7,5.7,1.9,3.1,0.5,1.8,16.8,23.6,0.3,2.4,4.8,11.6,0.1
"KIPKELION",24676,1.9,1.1,54.1,6.3,5.4,3.4,4.5,2.4,5.5,7.7,0.1,2.2,0.3,5,0
"LONDIANI",31739,0.9,2.7,23.4,5.6,3.5,19.6,5.8,11.7,6.5,5.6,0.3,6.2,2.9,5.1,0
"SOIN SIGOWET",27195,1.2,0.4,65,6.2,6.3,2.6,0.7,2.2,1.4,3.5,0.4,3.4,1.9,4.6,0
"BOMET",187230,7.7,4.2,40.1,5.8,5.4,2.4,1.8,2,5,5.7,0.3,13.8,1.5,4.3,0
"BOMET EAST",29897,2.5,4.3,51.2,9.2,6.8,3.2,2,3.8,1.4,1.3,0.4,9.3,1.1,3.5,0
"CHEPALUNGU",33850,25.2,8.3,22.5,3.2,3.9,1,3.3,0.2,2.3,6.5,0.1,15.1,0.7,7.6,0
"KONOIN",38123,0.3,0.3,48.4,5.1,3.9,2.3,0.5,1.7,16.8,9.2,0.1,5.3,0.5,5.7,0
"SOTIK",47265,8.9,6.3,31.1,5.6,6.7,2.3,2.7,2.1,1.2,4.2,0.3,24.8,1.6,2.2,0
"BOMET CENTRAL",38095,2.2,2,49.9,6.4,5.4,3.1,0.6,2.4,2.9,6.8,0.6,11.2,3.1,3.4,0
"KAKAMEGA",432284,0.9,0.3,18.3,34.6,5.1,16.1,2,10.1,3.1,3.7,0.2,0.7,1,3.8,0
"BUTERE",36243,0.5,0.2,20.1,46.6,4.7,12.1,0.7,7.8,1.7,2.3,0.1,0.3,0.5,2.5,0
"KAKAMEGA CENTRAL",51956,1,0.4,20,17.5,3.5,8.5,0.5,8.2,10.9,12.5,0.7,1.8,3.1,11.3,0
"KAKAMEGA EAST",39589,0.8,0.3,44.9,21.9,3.8,4.7,1,3,4.8,8.8,0.1,0.7,0.6,4.5,0.1
"KAKAMEGA NORTH",50952,1.8,0.2,14.9,33.4,9.6,20.8,3.8,11.6,0.7,0.8,0.1,0.4,0.2,1.6,0
"KAKAMEGA SOUTH",26940,0.5,0.3,39.5,34.5,5.8,6.1,1.2,4,2.1,3.5,0.1,1.2,0.2,1.1,0
"KHWISERO",27681,0.1,0.5,22,59.5,3.5,4.4,0.6,2.3,1.4,2,0.1,1,0.9,1.8,0
"LIKUYANI",34776,1.7,0.2,3.5,10.2,1.8,51.4,3.9,23.7,0.6,0.5,0.2,0.8,0.5,0.9,0
"LUGARI",27817,0.7,0.2,14.5,21.7,2.9,25.8,3.5,23.1,1.2,2.3,0.1,1.6,0.7,1.8,0
"MATETE",13956,0.9,0.2,6.4,39.9,7.5,18.8,4.7,7.1,2.8,2.8,0.1,0.4,1.6,6.9,"-"
"MATUNGU",36414,0.5,0.2,10.5,47.2,4.8,18.1,2.3,12.5,0.6,0.8,0.1,0.1,0.6,1.8,0
"MUMIAS EAST",25995,1.1,0.4,13.7,54.9,4.8,11.4,1,9,0.5,0.4,0.2,0.1,1,1.7,0
"MUMIAS WEST",27650,0.8,0.1,9.9,37.5,3,14.7,1,7.8,7.6,4.9,0.2,0.2,3.2,9.1,0
"NAVAKHOLO",32315,0.6,0.4,10.2,47.3,10.5,13.4,3,9,1,1.4,0,0.2,0.2,2.7,0
"VIHIGA",143288,0.6,0.3,24.8,53.1,4.4,3.6,0.7,2.1,1.5,2.8,0.3,3.3,1,1.6,0
"EMUHAYA",23803,0.1,0,26.1,58.5,4.7,2.9,0.2,2.3,0.5,0.8,0.1,1.8,1.4,0.6,0
"VIHIGA",23359,0.2,0.2,23.9,55.6,3.5,4,0.6,1,1.6,2.9,0.5,3.2,0.6,2.3,0
"SABATIA",31391,0,0.2,15.4,66.6,1.4,3.7,0.2,1,1.8,4.7,0.3,3.2,0.5,1,0
"LUANDA",26766,0.1,0,21.9,58.1,3.3,3.1,0.5,2.9,1.5,2.4,0.3,2.6,2,1.2,0
"HAMISI",37965,1.8,0.7,34.3,33.7,8.2,3.8,1.6,2.9,1.8,2.7,0.2,5,0.7,2.4,0
"KAKAMEGA FOREST",4,"-","-",100,"-","-","-","- ","-","-","-","-","-","-","-","-"
"BUNGOMA",357714,0.8,0.2,9.2,38.3,4.8,15.7,2.7,11.6,3.7,4.8,0.2,0.5,1.7,5.7,0
"BUMULA",44922,1.9,0.2,2,28.2,6.2,26.9,6.4,25.1,0.4,0.5,0.1,0.2,0.3,1.6,0
"BUNGOMA CENTRAL",37535,0.6,0.5,5.8,43.8,3.6,15.5,2.2,11.2,2.2,3.8,0.1,0.4,3.4,6.9,0
"BUNGOMA EAST",24798,0.8,0.1,7,58.3,4.7,7.4,1.2,3.9,3.9,5,0.1,0.5,1.8,5.3,0
"BUNGOMA NORTH",24940,0.4,0.1,3.4,63,3.7,16.7,1.7,5.7,0.7,1.3,0.1,0.5,0.6,2.2,0
"BUNGOMA SOUTH",69088,0.5,0.1,3.9,32.4,3.5,20.3,1.9,13.7,6.9,6.1,0.6,0.5,2.4,7.2,0
"CHEPTAIS",26007,0.9,0.8,41.9,11.9,5.6,2.7,1.1,1,4.5,10.3,0.1,0.2,1,17.7,0
"KIMILILI",35053,1.1,0.2,8.4,51.1,4.9,10.1,0.9,3.8,4.9,7.3,0.2,0.4,3.1,3.6,0
"MT. ELGON",15230,0.5,0.2,32.5,24.6,7.4,3.1,0.9,1.2,7.3,12.8,0.2,0.2,0.4,8.6,0
"BUNGOMA WEST",25166,1.8,0.2,11.5,18.8,7.5,16.1,10,23.4,0.8,1,0.2,2.2,2.2,4.4,0
"TONGAREN",21343,0.1,0.1,5.9,29.7,4.4,29.8,2,22.7,0.7,0.8,0.1,0.8,0.7,2.1,0
"WEBUYE WEST",32834,0.3,0.1,2.4,58.8,3.9,9.7,1.3,5,6.1,6,0.2,0.3,1,4.8,0
"MT. ELGON FOREST",798,"-",0.3,79.1,8.6,11.7,"-",0.4,"-","-","-","-","-","-","-","-"
"BUSIA",197944,0.8,3.4,11.8,17.2,4.6,15.9,3.4,28.6,1.8,3.3,0.5,0.7,2.1,5.8,0
"BUNYALA",19028,0.3,21.6,10.1,0.3,0.2,4.9,2,38.2,1.8,7.5,0.8,2,1.1,9.1,0
"BUSIA",33152,0.6,0.7,17.2,19.8,2.1,21.2,1.1,19.4,3.2,4.5,0.8,0.3,2,7,0
"BUTULA",32199,1,0.4,13.8,32.3,3.8,14.1,1,24.8,1.5,2.2,0.1,0.2,1.5,3.2,0
"NAMBALE",23889,1.2,0.2,7.6,20.6,4.9,20.9,4.3,28,1.5,3.5,0.1,0.2,0.9,5.9,0
"SAMIA",23813,2.1,8,10.7,8.1,1.3,4.5,0.7,48.1,0.9,2.7,0.1,2.8,2.2,7.7,"-"
"TESO NORTH",29314,0.2,0.4,9.8,13.2,9.9,19.3,9.8,26.1,0.7,0.6,0.8,0.5,5.9,3,0
"TESO SOUTH",36549,0.5,0.5,10.8,17.2,7.8,19.7,4.3,25.1,2.5,3.3,0.6,0.1,1,6.4,0
"SIAYA",249341,3.1,13.2,19.9,11.5,3.2,5,1.5,12.9,1.7,3.4,0.4,7.2,4,13,0
"SIAYA",57386,2.6,7.5,24,6.7,2.3,8,3.4,19.1,2.1,3.7,0.5,5.6,4.3,10,0.1
"GEM",44696,0.6,0.8,40.3,26.8,5.1,5.2,0.9,6.8,1.5,2.6,0.2,3.7,1.8,3.7,0
"UGENYA",33554,1.8,2.5,19.6,16.1,6.6,7.3,1.8,32.9,0.9,1.8,0.3,1.6,2,4.8,0
"UGUNJA",26321,0.9,0.6,20.8,25.7,7.3,6.2,1.6,18.8,1.6,3.9,0.2,1.8,4.7,5.9,0
"BONDO",50454,4.2,37.7,8.2,0.4,0.1,0.7,0.1,1.7,2.2,4.7,0.7,9.3,7.2,22.7,0
"RARIEDA",36930,8.3,22.4,4.1,1.4,0.4,2.9,0.5,3.4,1.8,2.8,0.2,20,3.5,28.1,0.1
"KISUMU",296846,0.9,1.8,14.9,2.3,1,8.3,1,11.4,8.3,10.9,0.9,8.7,7.6,22.1,0
"KISUMU EAST",61499,0.2,0.8,5.2,1.7,0.4,3.3,0.1,2.8,9.5,22.1,0.6,3,11.6,38.6,0
"KISUMU CENTRAL",52163,0.1,0.6,0.3,0.9,0,0.4,0.1,0.6,26.1,17.3,2.7,0.5,17.5,33.1,0
"KISUMU WEST",42785,0.3,2.4,15.1,5.9,2.6,6.4,1.5,10.1,5.3,11.4,0.8,9,7.1,22.1,0
"SEME",29404,0.8,6,32.8,2.2,2.2,10.3,1.8,20.7,0.7,1.2,0.4,14.4,1.6,4.8,0
"MUHORONI",36982,0.7,0.7,27.4,2.1,0.4,18.8,1,23.1,3,2.6,0.3,9.3,2.1,8.5,0
"NYANDO",38460,2.3,2.7,14.3,1.8,0.3,18.1,1.7,22.5,1.9,5.7,0.9,13.4,1.8,12.6,0
"NYAKACH",35553,2.8,1.7,25.5,1.8,1.8,7.5,1.8,11.6,2,3.5,0.4,19.7,3.4,16.6,0
"HOMA BAY",260290,2.9,16.3,20.8,7.3,2.8,7.1,2.2,12.5,1,2,0.7,15.5,3,5.8,0
"HOMA BAY",28471,3,5.5,11.7,2.3,1.1,5.2,1.8,10.9,3.8,9.7,1.8,17.4,12.7,13.1,0
"NDHIWA",47956,5.2,3.4,28,4.4,3.7,10.3,5,20.9,0.4,0.3,0.3,13.6,1.2,3.2,0
"RACHUONYO NORTH",41661,6.9,15.9,16.9,0.8,0.3,5.3,0.3,7.8,0.6,1.2,0.4,34.5,3.1,5.8,0
"RACHUONYO EAST",27229,1.4,0.9,41.8,16,8.2,10.2,2.9,6,0.3,0.5,0.2,8.9,0.5,2.3,0
"RACHUONYO SOUTH",30693,0.7,0.9,20.6,26.3,4.2,9.9,2.3,8.3,1.3,2.2,0.7,10.3,2.3,9.9,0
"RANGWE",26983,1.3,5.6,29.1,9.3,5.3,10,3.7,11.8,0.2,0.4,0.3,20.9,0.8,1.3,0
"SUBA NORTH",29662,0.5,58.8,4.1,0.9,0.2,2.1,0.3,7.9,1.3,2.8,1.3,8.9,2.6,8.3,0
"SUBA SOUTH",27635,0.6,47.7,12.5,2.5,0.5,2.4,0.4,23.4,0.4,0.6,0.9,2.2,2.2,3.7,0
"MIGORI",238133,2.4,7.3,31.2,9.5,6.6,11.1,4.4,8.1,1.2,1.5,1.3,10.4,2,3,0
"AWENDO",27014,1.5,0.9,35.2,10.9,9.1,10.1,3.8,6.6,1.9,1.1,0.8,15.4,1.6,1,0
"KURIA EAST",17267,0.9,1.4,47.3,11.3,11.9,11,7.9,4.6,0.1,0,0.6,2.7,0.1,0.2,0
"KURIA WEST",39723,0.9,1.3,31.3,17.2,8,15.4,6.8,4.9,0.4,0.3,2,10.1,0.3,1,0
"NYATIKE",39358,6.5,31.7,24.3,1.5,0.9,2.9,1.4,10.4,0.5,0.9,1.6,8.5,3.7,5.2,0
"RONGO",29007,1.2,0.9,23.9,14,9.1,17.5,3.4,11.2,0.4,0.6,1.4,15.1,0.3,0.9,0
"SUNA EAST",27214,1.3,0.9,30.5,7.8,7.4,10.2,4.2,7,4.5,6.1,1.6,9.1,3.3,6.2,0.1
"SUNA WEST",28839,2.7,5.9,28.3,3.7,3.3,13.6,2.9,10.7,1.5,2,1.2,12.6,5,6.6,0
"URIRI",29711,2.6,5.5,37.6,10.1,7,9.4,6.6,8.4,0.6,0.9,0.3,8.1,1,2,0
"KISII",307254,0.3,0.2,38.6,40.5,7.5,3,0.9,1.1,1,1.1,0.6,3.8,0.5,1,0
"ETAGO",18610,0.2,0.1,41.5,35.5,11,2.1,2.1,1.1,1.1,1.7,0,1.1,0.7,1.7,0
"GUCHA",19621,0.3,0.3,37,49.4,5.2,2.8,0.4,0.2,0.6,1.2,0.2,2.1,0.1,0.3,0
"GUCHA SOUTH",19627,0.3,0.3,32,49.4,6.8,2.3,0.4,1.4,0.7,1.2,0.1,2.9,0.5,1.7,0
"KENYENYA",30985,0.2,0.2,32.5,45.5,11.1,3.4,1.4,1.3,0.4,0.4,0.1,1.4,0.3,1.9,0
"KISII CENTRAL",44037,0.2,0.1,43.8,30.1,4.9,2.6,0.5,1.5,3.5,3.9,1.4,3.5,1.4,2.5,0
"KISII SOUTH",31574,0,0.1,32.7,48.5,8.5,3.4,1.2,1.1,0.2,0.1,0.6,3.4,0.2,0,0
"KITUTU CENTRAL",41233,0.4,0.2,36.3,40.9,2.2,4.4,0.4,1.9,1.4,0.8,2.2,6.7,1,1.1,0
"MARANI",26133,0.1,0.1,38.5,51.7,5.4,1.3,0.3,0.3,0.1,0.1,0,1.7,0.2,0.2,0
"MASABA SOUTH",29206,0.3,0.1,50.2,24.2,8.1,3.1,1.2,1.1,0.5,0.4,0.1,10.1,0.3,0.3,0
"NYAMACHE",30583,0.9,0.6,42.3,33.4,14.5,2.8,1,0.7,0.2,0.4,0.1,2.7,0.2,0.3,0
"SAMETA",15645,0.2,0,32.1,52.3,7.8,3,1.1,0.3,0.3,0.2,0.1,2.4,0,0.1,0
"NYAMIRA",150499,0.5,0.5,36.6,36.4,9.4,3.9,1.2,1,0.9,1,0.3,7.4,0.4,0.6,0
"BORABU",19404,0.9,2.3,31,12.4,8.3,3,0.7,1.2,2.7,3.6,0.5,30.3,0.9,2.2,0
"MANGA",23836,0.9,0.1,43.9,41.5,6,2.7,0.3,0.5,0.3,0.6,0.1,2.7,0.4,0.1,0
"MASABA NORTH",27904,0.1,0.1,27,47.5,8.6,4.7,1.3,1.4,0.7,1,0.4,6.6,0.2,0.4,0
"NYAMIRA NORTH",40396,0.4,0.2,42.4,33,12.2,5.4,1.6,1.2,0.1,0.1,0.1,2.8,0.3,0.2,0
"NYAMIRA SOUTH",38959,0.7,0.4,35.9,40.8,9.7,3.1,1.3,0.7,1.5,0.8,0.3,4,0.3,0.4,0
"NAIROBI CITY",1494676,0,0.1,0,0.5,0,0.5,0,4.3,22.7,28.4,8.6,0.3,15.4,18.9,0.1
"DAGORETTI",154949,0,0.1,0,0.5,0.1,2.6,0.1,13.1,9.4,24.2,5.1,0.2,25.2,19.4,0.1
"EMBAKASI",346462,0,0.1,0.1,0.5,0,0.3,0,4.7,22,23,15,0.1,20,14.2,0
"KAMUKUNJI",83680,0,0.6,0,0.2,0.1,0.5,0,1.6,26.9,28.6,5.2,0,10.2,25.9,0.1
"KASARANI",268611,0,0.1,0,0.5,0,0.1,0,1.7,34.8,33.9,5.5,0.1,7.1,16,0
"KIBRA",61651,0,0,0,1.4,0.1,0.3,0,1.3,11,20.6,3.8,0.1,16.1,45.1,0
"LANG'ATA",60187,0.2,0.2,0,0.2,0,0.3,0,8.6,26.2,11.5,18.7,0.2,11.7,22.2,0.1
"MAKADARA",70080,0,0.2,0.1,0.1,0.1,0.1,0.1,0.5,18.8,21.6,3.3,0.2,28.1,27,0
"MATHARE",74967,0,0,0,0.3,0,0.1,0,0.3,10.1,41.9,0.8,0.1,19.3,27,0.1
"NJIRU",204492,0,0.1,0,0.4,0,0.3,0,5.6,21.8,39.8,5.3,1.8,14.6,10.2,0.1
"STAREHE",66108,0,0.2,0,0.5,0,0.2,0,2.3,27.4,23.8,9.2,0.1,10,26.1,0.1
"WESTLANDS",103489,0,0.2,0.1,1.1,0,0.3,0,2.5,25.5,28.3,15.6,0.1,6.4,19.8,0
